Date,Symbol,Prev Close,Open,High,Low,Last,Close,VWAP,Volume,Turnover,Trades,Deliverable Volume,%Deliverble
01-01-2018,TCS,2701.2,2682.3,2694.8,2635.0,2650.0,2645.6,2654.94,675880.0,179442000000000.0,19464.0,330691.0,0.4893
02-01-2018,TCS,2645.6,2660.0,2669.6,2620.2,,2631.2,2641.06,960145.0,253580000000000.0,46813.0,555820.0,0.5789
03-01-2018,TCS,2631.2,2632.0,,2631.2,2639.0,2638.65,2649.21,628560.0,166519000000000.0,32104.0,361072.0,0.5744
04-01-2018,TCS,2638.65,2650.0,2662.0,2640.0,2650.0,2657.1,2649.94,456541.0,120981000000000.0,32647.0,264561.0,0.5795
05-01-2018,TCS,,2650.0,2699.5,2650.0,2695.0,2689.2,2684.95,576853.0,154882000000000.0,30836.0,318083.0,0.5514
08-01-2018,TCS,,2700.0,2726.85,2681.85,2708.8,2714.4,2709.74,621110.0,168305000000000.0,43815.0,345599.0,0.5564
09-01-2018,TCS,2714.4,2715.0,2721.0,2676.55,,2709.0,2703.56,,290551000000000.0,47403.0,612650.0,0.5701
10-01-2018,TCS,,2711.0,2816.0,2694.65,2803.0,2806.6,2763.3,1682925.0,465042000000000.0,70764.0,699460.0,
11-01-2018,TCS,2806.6,2810.0,2821.9,2782.2,2792.5,2790.5,2796.58,1260524.0,352516000000000.0,,,0.4587
12-01-2018,TCS,2790.5,,2805.0,2740.55,2769.9,2776.35,2764.28,1680157.0,464442000000000.0,90884.0,472438.0,0.2812
15-01-2018,TCS,2776.35,2777.15,2808.0,2735.05,2737.4,2746.1,2768.32,728607.0,201701000000000.0,49926.0,394675.0,
16-01-2018,TCS,2746.1,2756.0,2861.65,2750.55,2860.0,2850.85,2834.5,2133876.0,604846000000000.0,,639155.0,
17-01-2018,TCS,2850.85,2870.0,,2862.15,2895.0,2888.95,2900.36,2140403.0,620795000000000.0,94873.0,965845.0,0.4512
,TCS,2888.95,2897.0,2933.0,2868.05,2926.55,2918.2,2896.35,1104739.0,,51786.0,568379.0,0.5145
19-01-2018,TCS,2918.2,2930.55,2982.0,2903.65,2974.85,2959.3,2930.77,910000.0,266700000000000.0,44039.0,436952.0,0.4802
22-01-2018,TCS,2959.3,2961.0,3134.7,2922.0,3090.0,3116.4,3052.16,2183555.0,,97757.0,663651.0,0.3039
23-01-2018,TCS,3116.4,3114.95,3142.35,3090.05,3097.9,3102.0,3112.03,1619805.0,504088000000000.0,,705309.0,0.4354
24-01-2018,TCS,3102.0,3090.0,3259.05,3082.65,3174.95,3174.6,3189.59,2810769.0,896519000000000.0,111512.0,862385.0,0.3068
25-01-2018,TCS,3174.6,3175.0,3179.8,3081.0,3133.0,3121.05,3123.06,1916922.0,598666000000000.0,,925615.0,0.4829
29-01-2018,TCS,3121.05,3131.4,3225.0,3122.0,3199.25,3198.85,3196.14,,501964000000000.0,,832172.0,0.5299
30-01-2018,TCS,3198.85,,,3143.7,3152.15,3152.85,3166.46,787379.0,,,384193.0,0.4879
31-01-2018,TCS,3152.85,3137.0,3150.0,3098.6,3111.15,,3119.14,1521607.0,474611000000000.0,,978756.0,0.6432
01-02-2018,TCS,3112.35,,3190.0,3088.8,3150.0,3138.6,3146.24,1200315.0,,66084.0,310672.0,
02-02-2018,TCS,,3120.0,3190.0,3103.45,,3153.65,3167.25,1228245.0,,,586030.0,0.4771
,TCS,3153.65,3110.0,3188.0,3076.85,3110.0,3103.2,3118.75,1378871.0,,75866.0,655249.0,0.4752
06-02-2018,TCS,3103.2,3010.0,3077.15,2985.0,3000.0,2997.25,3020.91,1328653.0,401374000000000.0,,728147.0,0.548
07-02-2018,TCS,2997.25,3027.0,3031.0,2947.45,,2955.05,2975.26,1090162.0,324351000000000.0,55520.0,506385.0,0.4645
08-02-2018,TCS,2955.05,,3027.6,,2966.2,2974.2,3000.15,1377502.0,,63513.0,601956.0,0.437
09-02-2018,TCS,2974.2,2950.0,2994.0,2896.65,2978.3,2971.7,2940.4,1051229.0,309104000000000.0,71919.0,421771.0,
12-02-2018,TCS,2971.7,2978.3,3023.35,2955.55,2960.15,2967.3,2981.33,987281.0,294341000000000.0,49385.0,512025.0,
14-02-2018,TCS,2967.3,2970.0,,2892.5,2900.0,2911.8,,1423766.0,418537000000000.0,81932.0,880898.0,0.6187
15-02-2018,TCS,,2931.95,2943.0,2905.1,2922.0,2925.85,,1232618.0,360595000000000.0,42920.0,702569.0,0.57
16-02-2018,TCS,2925.85,2923.0,2999.6,2923.0,2931.0,2933.05,2965.52,1257878.0,,52987.0,425282.0,0.3381
19-02-2018,TCS,2933.05,,2953.3,2895.2,2923.65,2923.6,2928.1,784112.0,,37241.0,332759.0,0.4244
20-02-2018,TCS,,2928.0,,2927.9,2943.0,2944.75,2959.27,944534.0,279513000000000.0,60862.0,401169.0,0.4247
21-02-2018,TCS,2944.75,2974.0,3062.6,2960.05,3042.35,3042.3,3016.25,1544614.0,465894000000000.0,96721.0,673804.0,0.4362
22-02-2018,TCS,3042.3,3052.0,3079.0,3022.5,3040.05,3050.2,3047.84,1731505.0,527734000000000.0,83526.0,796578.0,0.46
,TCS,3050.2,3050.0,3089.0,2992.1,,3075.8,3044.72,1681250.0,511894000000000.0,86645.0,706762.0,0.4204
26-02-2018,TCS,3075.8,3075.0,3089.95,3021.2,3025.6,3031.7,3044.1,681941.0,207589000000000.0,45004.0,292334.0,
27-02-2018,TCS,3031.7,3041.0,3078.55,3032.0,3042.0,3042.35,3054.42,858900.0,,49207.0,299428.0,0.3486
28-02-2018,TCS,,,3063.95,3021.45,3033.4,,3040.16,1353432.0,411465000000000.0,80437.0,,0.6366
01-03-2018,TCS,3035.05,3049.0,,3020.0,3033.0,3037.7,3042.25,859062.0,261348000000000.0,77493.0,522085.0,0.6077
05-03-2018,TCS,3037.7,3049.0,3113.65,3032.95,3103.0,3105.85,3075.76,1429084.0,439552000000000.0,81638.0,785748.0,0.5498
,TCS,3105.85,3122.0,3127.0,,3041.0,3042.8,3087.33,953382.0,294340000000000.0,60270.0,469034.0,0.492
07-03-2018,TCS,3042.8,3070.0,3089.0,3018.5,3028.7,3027.45,3045.28,958886.0,292008000000000.0,54736.0,437656.0,0.4564
08-03-2018,TCS,3027.45,3054.9,3054.9,2987.5,3001.85,3003.95,3017.6,975913.0,294492000000000.0,43364.0,655914.0,0.6721
09-03-2018,TCS,3003.95,,,2977.2,3035.0,3034.1,3030.68,936218.0,283738000000000.0,53978.0,310682.0,0.3318
12-03-2018,TCS,3034.1,,3083.9,3035.5,3046.95,3052.15,3060.88,1045670.0,320067000000000.0,,492433.0,0.4709
13-03-2018,TCS,3052.15,2924.9,2939.7,2872.0,2886.1,2886.8,2880.44,44033577.0,1.27e+16,216131.0,31556256.0,0.7166
,TCS,2886.8,2892.95,2923.05,2875.05,2887.85,2886.9,2899.62,1834334.0,531888000000000.0,75794.0,797351.0,0.4347
,TCS,2886.9,2895.0,2902.55,2855.6,2867.0,2869.7,2876.92,1174453.0,337881000000000.0,53254.0,440516.0,0.3751
16-03-2018,TCS,2869.7,2868.8,2872.0,2805.0,2828.0,2825.7,2834.32,3598741.0,1020000000000000.0,151066.0,2487922.0,0.6913
19-03-2018,TCS,2825.7,2829.0,2848.0,2820.0,,2831.0,2832.48,1744970.0,494259000000000.0,93179.0,1297258.0,0.7434
,TCS,2831.0,2820.0,2873.2,2819.0,2870.0,2864.85,,2012492.0,574016000000000.0,79442.0,1433569.0,0.7123
,TCS,2864.85,2872.5,2884.3,2850.0,2856.1,2856.75,2865.76,1953839.0,559924000000000.0,88110.0,1528562.0,0.7823
22-03-2018,TCS,2856.75,2859.95,2875.95,2822.55,2824.0,2831.35,2843.57,1163047.0,330721000000000.0,72687.0,,0.7535
23-03-2018,TCS,2831.35,2802.0,2834.1,2798.05,,2818.15,2816.79,1827061.0,514644000000000.0,77575.0,1259843.0,0.6895
26-03-2018,TCS,2818.15,2819.0,2827.4,2781.55,2817.0,,2812.33,1482105.0,416816000000000.0,76911.0,1046954.0,0.7064
,TCS,2817.0,2825.0,2863.0,,2843.8,2847.7,2845.6,1247287.0,354928000000000.0,101404.0,867902.0,0.6958
28-03-2018,TCS,2847.7,,,,2849.35,,2854.33,3432827.0,979842000000000.0,127771.0,2654970.0,0.7734
02-04-2018,TCS,2849.15,2840.0,2914.0,2840.0,2903.0,2909.65,2888.94,831494.0,240214000000000.0,67851.0,428437.0,0.5153
03-04-2018,TCS,,2892.1,2929.9,2892.1,2908.4,2911.25,2907.92,968645.0,281674000000000.0,49338.0,,0.6869
04-04-2018,TCS,2911.25,2929.45,2934.0,2892.0,,2910.9,2914.91,1420910.0,,73678.0,1068225.0,0.7518
05-04-2018,TCS,2910.9,2926.55,2963.75,2920.35,2954.1,2957.95,2949.56,904712.0,266850000000000.0,50519.0,619923.0,0.6852
06-04-2018,TCS,2957.95,,2960.0,2926.55,2939.7,2950.3,,564509.0,166174000000000.0,35618.0,327149.0,0.5795
09-04-2018,TCS,2950.3,2939.7,2963.5,,2925.05,2923.9,,617933.0,,61304.0,377241.0,0.6105
10-04-2018,TCS,2923.9,2925.7,2957.25,2925.7,,2937.6,2943.58,592266.0,174338000000000.0,56834.0,369579.0,0.624
11-04-2018,TCS,2937.6,2950.6,3025.0,2945.6,3010.0,3014.15,2987.68,1562208.0,466738000000000.0,79572.0,982143.0,0.6287
12-04-2018,TCS,3014.15,3010.0,3150.0,3007.95,3136.0,3139.25,3116.29,3057180.0,,138550.0,1663392.0,0.5441
13-04-2018,TCS,3139.25,3150.0,3240.8,3132.1,3145.5,,3181.37,4089559.0,1301040000000000.0,147501.0,2142872.0,0.524
,TCS,3153.3,3116.0,3199.95,3110.75,3185.05,3187.65,3169.39,3135137.0,993646000000000.0,142448.0,1707483.0,0.5446
17-04-2018,TCS,3187.65,3187.65,3194.95,3147.2,3163.6,3166.6,3165.81,1650862.0,522632000000000.0,119475.0,1077647.0,0.6528
18-04-2018,TCS,3166.6,,3193.45,3145.85,3162.7,3159.1,3166.57,1216533.0,385223000000000.0,57846.0,,0.5542
19-04-2018,TCS,3159.1,,3217.2,3165.75,3191.15,3191.15,3190.56,2410476.0,769077000000000.0,108523.0,,0.5373
20-04-2018,TCS,,3250.0,3422.35,3240.0,3414.0,3402.45,3351.07,9232831.0,3093990000000000.0,287034.0,2973300.0,0.322
23-04-2018,TCS,3402.45,3424.0,,3389.55,,3408.65,3478.05,7592955.0,2640870000000000.0,296796.0,2307114.0,0.3038
,TCS,3408.65,3410.0,,,3380.0,3385.65,3385.7,4157168.0,1407490000000000.0,191406.0,1852622.0,0.4456
25-04-2018,TCS,3385.65,3385.0,3483.0,3365.05,3466.0,3470.25,,4098287.0,1411960000000000.0,186272.0,1646688.0,0.4018
26-04-2018,TCS,3470.25,3467.0,,3467.0,3523.95,,3528.84,6067517.0,2141130000000000.0,155107.0,3148760.0,0.519
27-04-2018,TCS,3539.25,3525.0,3544.0,3420.0,3458.0,3451.95,3475.49,2250665.0,782217000000000.0,143297.0,1128370.0,0.5013
30-04-2018,TCS,3451.95,,3549.0,3437.6,3529.0,3532.1,3523.56,1729279.0,,109746.0,740868.0,0.4284
02-05-2018,TCS,3532.1,3530.5,3532.2,3471.3,3500.0,3499.75,3496.99,1579023.0,552183000000000.0,142452.0,1035607.0,0.6559
03-05-2018,TCS,3499.75,3509.8,3526.0,3470.4,3481.75,3481.85,3501.58,1880775.0,658568000000000.0,132523.0,,0.6097
04-05-2018,TCS,3481.85,3492.0,3497.0,3470.0,3479.0,3480.75,3485.14,1173622.0,409024000000000.0,60186.0,697005.0,0.5939
07-05-2018,TCS,3480.75,3490.0,,3410.9,3428.0,3420.95,3438.41,1742213.0,599044000000000.0,95521.0,1155927.0,0.6635
08-05-2018,TCS,,3434.7,3486.5,3396.7,3440.2,3441.2,3447.8,1496410.0,515932000000000.0,75803.0,710340.0,0.4747
09-05-2018,TCS,3441.2,3440.2,3494.75,3440.2,3488.5,3489.3,3480.95,,455142000000000.0,74986.0,754487.0,
10-05-2018,TCS,3489.3,3502.95,3511.15,3440.2,3446.3,3451.25,3478.59,1929339.0,671138000000000.0,78782.0,1044165.0,0.5412
11-05-2018,TCS,3451.25,3454.2,3485.0,3442.5,3461.0,3456.95,3461.07,1313938.0,454764000000000.0,44332.0,734225.0,0.5588
14-05-2018,TCS,3456.95,3457.0,3471.0,,3440.0,3433.55,3427.81,1216947.0,417146000000000.0,67155.0,738191.0,0.6066
15-05-2018,TCS,3433.55,3450.0,3495.8,3433.7,3487.0,,3477.97,,339605000000000.0,72769.0,426098.0,
16-05-2018,TCS,3482.4,3479.95,,3475.25,3497.0,3493.9,,824225.0,288001000000000.0,62359.0,462112.0,0.5607
17-05-2018,TCS,3493.9,3512.95,3533.15,3476.0,3480.8,3491.8,3509.69,,520846000000000.0,147144.0,968752.0,
18-05-2018,TCS,3491.8,3480.8,3517.7,3458.0,3495.0,3502.05,3487.86,937498.0,326986000000000.0,71488.0,,0.5527
,TCS,3502.05,3528.7,3592.0,3518.05,3551.8,3556.75,3567.15,1723089.0,614652000000000.0,,883903.0,0.513
22-05-2018,TCS,3556.75,3558.0,3574.95,3493.7,3514.4,3508.9,3520.43,928708.0,326945000000000.0,71360.0,523307.0,0.5635
23-05-2018,TCS,3508.9,3525.0,3545.0,3481.0,3498.95,3495.1,3513.84,753649.0,264820000000000.0,,407054.0,0.5401
24-05-2018,TCS,3495.1,3510.0,3615.0,3502.35,3610.75,3603.7,3579.69,,530209000000000.0,78667.0,655097.0,0.4423
25-05-2018,TCS,3603.7,3625.0,3674.8,3572.55,,3585.8,,1884886.0,684800000000000.0,142355.0,954659.0,0.5065
28-05-2018,TCS,3585.8,3616.5,3616.5,3486.0,3499.35,3502.05,3516.38,1858399.0,,142950.0,1041835.0,0.5606
29-05-2018,TCS,3502.05,3529.9,3544.0,3488.0,3519.95,3523.5,3517.42,1762656.0,620001000000000.0,101072.0,,0.4736
30-05-2018,TCS,3523.5,3509.05,3533.0,3482.5,3507.5,3514.1,3508.9,1889553.0,663024000000000.0,125085.0,1124217.0,
31-05-2018,TCS,,1734.0,1759.05,1726.1,1748.85,1741.05,,5049371.0,879825000000000.0,207998.0,3447026.0,0.6827
01-06-2018,TCS,1741.05,1754.0,1757.5,1716.3,,1732.45,1742.29,1603856.0,279439000000000.0,74272.0,924751.0,0.5766
04-06-2018,TCS,1732.45,1745.0,1749.0,1712.6,1742.0,1744.25,1730.25,1681483.0,290939000000000.0,96686.0,928452.0,0.5522
05-06-2018,TCS,1744.25,1744.0,1751.9,1711.15,,1721.6,1728.88,2449568.0,423500000000000.0,133067.0,1492228.0,
,TCS,1721.6,1723.0,1734.9,1715.2,1725.0,1725.75,1725.85,2236512.0,,,1573892.0,0.7037
07-06-2018,TCS,1725.75,1725.0,1749.0,1723.8,1734.05,,1738.0,2414762.0,419685000000000.0,105531.0,1639426.0,0.6789
08-06-2018,TCS,1735.55,1735.0,1757.3,1735.0,1742.95,1747.1,1748.59,2582138.0,451510000000000.0,90908.0,,0.6355
11-06-2018,TCS,,1747.1,1763.0,1743.0,1750.9,1749.7,1752.55,2179378.0,,104681.0,1659838.0,
12-06-2018,TCS,1749.7,1757.0,1785.0,1753.0,1781.05,1781.0,1773.52,4608875.0,,108707.0,3580858.0,0.7769
13-06-2018,TCS,1781.0,1816.0,1831.65,1798.0,1824.0,,1818.17,5370983.0,976538000000000.0,236378.0,2862488.0,0.533
14-06-2018,TCS,1824.1,1830.0,1832.3,1784.0,1784.95,1787.55,1795.49,3819998.0,685877000000000.0,185231.0,2405344.0,0.6297
15-06-2018,TCS,1787.55,1800.0,1847.1,1788.6,1840.0,,1823.42,9183574.0,1674550000000000.0,232555.0,,0.4625
18-06-2018,TCS,,1867.95,1867.95,1822.15,1824.0,1829.0,1840.85,4674987.0,860596000000000.0,,2287621.0,
19-06-2018,TCS,1829.0,1822.15,1839.0,1821.0,1822.9,1824.5,1829.83,3245034.0,593786000000000.0,139033.0,1712806.0,0.5278
20-06-2018,TCS,1824.5,1832.0,,1818.6,1820.0,1822.45,1828.68,3107695.0,568297000000000.0,151059.0,2297300.0,0.7392
21-06-2018,TCS,1822.45,1832.0,1832.0,1817.6,1820.0,1819.35,1822.83,2910659.0,530564000000000.0,130989.0,2119842.0,0.7283
22-06-2018,TCS,1819.35,,1827.0,1799.55,1809.0,1809.8,1810.38,2949458.0,533963000000000.0,225703.0,2149173.0,0.7287
,TCS,1809.8,1811.9,1822.35,1806.0,1817.75,1819.25,1817.52,2083217.0,378628000000000.0,115086.0,,
26-06-2018,TCS,1819.25,1823.0,1861.0,1821.0,1852.05,,1842.52,,862246000000000.0,160270.0,3197021.0,0.6832
27-06-2018,TCS,1852.0,,1885.15,1851.25,1857.5,1858.0,1870.51,4081208.0,763392000000000.0,163411.0,1967182.0,0.482
28-06-2018,TCS,1858.0,1865.0,1871.0,1826.3,1844.1,1842.7,,,,176902.0,3110366.0,0.6363
29-06-2018,TCS,1842.7,1844.9,1867.4,1842.3,1844.95,1847.75,,3506276.0,649098000000000.0,,2265670.0,0.6462
,TCS,1847.75,1852.0,1857.8,1841.1,1854.05,1851.35,1852.0,2650290.0,490834000000000.0,137325.0,1969574.0,0.7432
03-07-2018,TCS,1851.35,1859.95,1879.9,,1874.25,,1872.16,3242233.0,606999000000000.0,191297.0,2047537.0,0.6315
04-07-2018,TCS,1874.05,1879.9,1879.9,,1867.0,1866.15,1863.61,2700614.0,503289000000000.0,116958.0,1997832.0,0.7398
05-07-2018,TCS,1866.15,1873.0,1887.5,1862.1,1883.8,1880.3,1874.33,2472571.0,463441000000000.0,94620.0,,0.6391
06-07-2018,TCS,1880.3,1882.85,1921.0,1881.65,1917.75,1912.95,1907.65,3713781.0,708461000000000.0,143673.0,2110559.0,0.5683
09-07-2018,TCS,,1924.0,,1876.5,1884.2,1883.0,1888.15,6151747.0,1161540000000000.0,193730.0,4089052.0,0.6647
10-07-2018,TCS,1883.0,1898.0,1898.9,1870.75,1876.05,1875.1,1881.79,5303302.0,997970000000000.0,187687.0,3366084.0,0.6347
11-07-2018,TCS,,1900.0,1998.0,1894.15,1970.0,1979.9,,22903802.0,4470810000000000.0,482657.0,9308170.0,0.4064
,TCS,1979.9,,1990.9,1960.5,1973.0,1971.35,1972.52,6921701.0,1365320000000000.0,204057.0,3235315.0,0.4674
13-07-2018,TCS,1971.35,1975.0,1997.9,1974.0,,,1986.23,4148185.0,,146909.0,1571340.0,0.3788
16-07-2018,TCS,1981.1,1990.0,1996.0,1977.45,1988.85,1989.2,1988.74,2582159.0,513524000000000.0,112338.0,1428885.0,0.5534
17-07-2018,TCS,1989.2,1989.0,,1981.0,2000.0,2002.15,1994.6,3315492.0,661307000000000.0,,2074936.0,0.6258
18-07-2018,TCS,2002.15,2005.0,2011.7,1993.05,,2000.25,2000.88,2013869.0,402951000000000.0,93022.0,1182682.0,0.5873
19-07-2018,TCS,2000.25,2002.1,2010.45,1970.0,1986.0,1981.4,1984.27,1746318.0,346517000000000.0,81270.0,806524.0,0.4618
20-07-2018,TCS,1981.4,,,1984.0,1998.1,1996.6,1993.61,,385763000000000.0,97910.0,1145691.0,0.5921
23-07-2018,TCS,1996.6,2001.0,2009.95,1986.0,2001.1,2005.65,2005.83,2086201.0,418457000000000.0,88812.0,1490091.0,0.7143
24-07-2018,TCS,2005.65,2015.0,2015.0,1984.15,1996.45,1999.0,1998.52,,407382000000000.0,96571.0,1388444.0,0.6811
25-07-2018,TCS,1999.0,2001.9,2002.0,,1977.5,1981.5,1979.25,1535492.0,303913000000000.0,92993.0,878512.0,0.5721
26-07-2018,TCS,1981.5,1974.95,1985.0,1955.1,1956.0,1964.7,1968.67,3503036.0,689633000000000.0,110618.0,2533158.0,0.7231
27-07-2018,TCS,1964.7,1960.85,1964.65,1940.3,1943.75,1943.75,,2033977.0,396327000000000.0,103516.0,1389322.0,0.6831
30-07-2018,TCS,1943.75,1943.0,1954.7,1931.55,1944.3,,1942.3,,306739000000000.0,74802.0,862487.0,0.5461
31-07-2018,TCS,1944.6,1942.0,1947.0,,1947.0,1940.2,,2204803.0,426597000000000.0,125163.0,1494920.0,0.678
,TCS,1940.2,1949.95,1981.55,1949.8,1973.0,1976.5,,2425180.0,,94019.0,1409120.0,
02-08-2018,TCS,1976.5,1980.0,,1945.0,1947.5,1948.4,1960.41,1509287.0,295882000000000.0,85680.0,842778.0,0.5584
03-08-2018,TCS,1948.4,1956.5,,1956.5,1978.0,1979.45,1973.58,1505131.0,297050000000000.0,91920.0,938806.0,0.6237
,TCS,1979.45,1997.0,1998.95,1972.25,1975.05,1975.55,1981.25,1532249.0,303577000000000.0,62917.0,920478.0,0.6007
07-08-2018,TCS,1975.55,1978.2,1979.15,1960.5,1969.0,1967.35,1967.34,1353560.0,266291000000000.0,95485.0,,0.6757
08-08-2018,TCS,1967.35,,1978.3,1962.0,1975.0,1974.0,1969.57,1315062.0,259010000000000.0,78555.0,,0.6862
09-08-2018,TCS,1974.0,1980.0,1980.8,1966.0,,1974.35,1974.51,2060297.0,406807000000000.0,88956.0,1627842.0,0.7901
10-08-2018,TCS,1974.35,1980.95,,1972.05,1992.0,1993.1,1985.67,,,105306.0,2064227.0,0.7414
,TCS,1993.1,1997.8,,1990.0,1999.5,2000.15,1998.04,3559575.0,711218000000000.0,176860.0,2630963.0,0.7391
14-08-2018,TCS,2000.15,1992.0,2024.6,1982.4,2000.0,2003.55,2010.34,3311765.0,665777000000000.0,120349.0,1934826.0,0.5842
16-08-2018,TCS,2003.55,2000.3,2020.05,1995.0,2009.1,2008.5,2008.49,2152065.0,432241000000000.0,153660.0,1390016.0,0.6459
17-08-2018,TCS,2008.5,2013.85,2021.9,2004.0,2010.0,2012.75,2012.85,1213731.0,244306000000000.0,,719022.0,0.5924
20-08-2018,TCS,2012.75,2024.0,2024.0,2003.7,2014.15,2009.95,2011.43,,319220000000000.0,125610.0,1020783.0,0.6432
21-08-2018,TCS,,2010.15,2024.0,2004.0,2014.0,2017.65,2015.38,1376866.0,277490000000000.0,67624.0,826204.0,
23-08-2018,TCS,2017.65,2022.8,2038.0,2020.3,2033.9,2035.1,2030.81,3046791.0,618746000000000.0,147069.0,2229341.0,0.7317
24-08-2018,TCS,2035.1,2035.1,2046.0,2031.0,2041.6,,2041.86,1570533.0,320680000000000.0,,1071112.0,0.682
27-08-2018,TCS,2043.0,2043.0,2059.0,2035.0,2050.05,2050.9,2051.79,1532702.0,314479000000000.0,95164.0,,
28-08-2018,TCS,2050.9,2055.0,2072.0,2052.0,2069.95,,2065.5,1987983.0,410618000000000.0,108533.0,1297603.0,
29-08-2018,TCS,2069.2,2072.5,2076.6,2045.6,2073.25,2072.0,2065.1,1525867.0,315107000000000.0,,896703.0,0.5877
30-08-2018,TCS,2072.0,2068.0,2085.0,2065.5,2081.25,2082.4,,,500400000000000.0,125517.0,1793156.0,0.7447
31-08-2018,TCS,2082.4,2082.3,2092.0,2074.0,2078.0,2078.4,,2504554.0,521472000000000.0,137612.0,1422197.0,0.5678
03-09-2018,TCS,2078.4,2084.8,2090.0,2048.4,2050.3,2052.9,2072.5,1439711.0,298380000000000.0,66713.0,816070.0,0.5668
04-09-2018,TCS,2052.9,2059.8,2104.75,2056.95,2100.0,2098.9,2093.77,4420803.0,925615000000000.0,272369.0,2931637.0,0.6631
,TCS,2098.9,2100.0,2107.25,2075.05,2077.0,2079.25,2086.52,1681106.0,350766000000000.0,,1034014.0,0.6151
06-09-2018,TCS,2079.25,2075.0,2081.5,2060.3,,2075.3,,2238097.0,463377000000000.0,123504.0,1585975.0,0.7086
07-09-2018,TCS,2075.3,2079.3,2084.0,,2078.75,2079.85,2076.27,1312182.0,272445000000000.0,91094.0,898428.0,0.6847
10-09-2018,TCS,2079.85,,2093.4,2074.25,2084.0,2080.75,2083.98,1530539.0,318962000000000.0,96119.0,1177046.0,0.769
11-09-2018,TCS,2080.75,,2089.0,2042.2,2045.15,2046.25,2055.93,3679745.0,756531000000000.0,153230.0,2033267.0,0.5526
12-09-2018,TCS,2046.25,2052.35,2068.9,2040.0,2045.0,2043.95,2048.93,2307661.0,472823000000000.0,135528.0,1632725.0,0.7075
14-09-2018,TCS,2043.95,2044.0,2071.55,2018.15,2066.95,2065.4,2042.02,3642038.0,,,2334308.0,0.6409
17-09-2018,TCS,2065.4,,2077.8,2054.55,2072.0,2074.15,2067.17,1033857.0,213716000000000.0,66371.0,547913.0,0.53
18-09-2018,TCS,2074.15,2073.0,,2057.6,,2070.75,2069.75,,301461000000000.0,77936.0,,0.6716
,TCS,2070.75,2071.9,2089.0,2066.85,2076.0,2077.9,,1301268.0,270862000000000.0,122321.0,893572.0,0.6867
21-09-2018,TCS,2077.9,2077.0,2121.0,2050.15,2111.9,2103.15,2083.75,4508530.0,939463000000000.0,,3097568.0,
24-09-2018,TCS,2103.15,2115.0,2210.5,2098.15,2208.0,2198.45,2168.27,3032226.0,657467000000000.0,134605.0,1315871.0,0.434
25-09-2018,TCS,2198.45,,2211.9,2153.8,2183.1,2183.2,2186.15,,627157000000000.0,141519.0,1361286.0,0.4745
26-09-2018,TCS,2183.2,2187.0,2199.0,2135.1,2147.15,2142.15,,1970951.0,426081000000000.0,95921.0,1029552.0,0.5224
27-09-2018,TCS,2142.15,2141.9,2209.7,,2185.0,2188.85,2175.57,3311802.0,720505000000000.0,110444.0,2154576.0,0.6506
28-09-2018,TCS,,2178.0,,2158.85,2186.0,2183.7,2177.54,2904371.0,632439000000000.0,150520.0,1991218.0,0.6856
01-10-2018,TCS,2183.7,2190.9,2275.95,2190.35,,2255.55,,3772208.0,845865000000000.0,201352.0,,0.526
,TCS,2255.55,,2255.0,2155.6,2156.65,2162.85,2195.08,3902322.0,856589000000000.0,,2169318.0,0.5559
04-10-2018,TCS,2162.85,2156.6,2156.65,2056.35,2063.0,2064.8,2084.35,4762419.0,,190870.0,2569525.0,0.5395
05-10-2018,TCS,2064.8,2050.0,2120.0,2020.9,2100.0,2102.65,2079.05,,710543000000000.0,141442.0,1731277.0,
08-10-2018,TCS,2102.65,2102.65,2122.2,2048.15,2077.4,2077.55,2074.99,2010154.0,417105000000000.0,133651.0,757445.0,
09-10-2018,TCS,2077.55,2080.35,2107.65,2053.2,2093.2,2091.8,2086.07,1867130.0,389497000000000.0,95316.0,945345.0,0.5063
10-10-2018,TCS,,2100.0,2105.95,2029.0,2044.0,2043.6,2063.1,,567263000000000.0,185433.0,1502793.0,0.5466
11-10-2018,TCS,2043.6,1985.0,2013.0,1941.0,1995.0,1979.95,1984.8,4700256.0,932905000000000.0,217064.0,2021364.0,0.4301
12-10-2018,TCS,1979.95,,1978.0,1903.0,1920.0,1918.3,1927.35,,1806560000000000.0,337356.0,2762121.0,0.2947
15-10-2018,TCS,1918.3,1940.0,1955.55,1920.0,1954.6,1949.5,1939.74,2638151.0,511732000000000.0,102337.0,763748.0,0.2895
16-10-2018,TCS,1949.5,1958.0,,1935.0,1964.05,1962.3,1952.66,2815425.0,549757000000000.0,116402.0,1452366.0,0.5159
17-10-2018,TCS,1962.3,1970.0,1989.0,,1930.0,1929.4,1945.4,2779207.0,540666000000000.0,149723.0,1740869.0,0.6264
19-10-2018,TCS,1929.4,1929.0,,1870.05,1920.0,1913.2,1896.96,3428776.0,650426000000000.0,152721.0,2021191.0,0.5895
,TCS,1913.2,1914.0,1916.0,1886.95,1900.25,1903.0,1903.03,1778496.0,338453000000000.0,104583.0,1098447.0,
,TCS,1903.0,,1898.0,1837.0,1847.75,1843.65,1865.59,,,150962.0,1768972.0,0.6426
24-10-2018,TCS,1843.65,1852.05,1874.0,1811.1,,1848.5,1841.95,2735913.0,503941000000000.0,143163.0,1233577.0,
25-10-2018,TCS,1848.5,1844.0,1876.9,1825.05,1845.0,1853.0,1859.3,2507233.0,466171000000000.0,160372.0,1384218.0,0.5521
26-10-2018,TCS,,1853.9,1853.9,1791.1,1796.0,1799.1,1813.56,2285970.0,414574000000000.0,166483.0,1227023.0,0.5368
,TCS,1799.1,1808.7,1877.95,1784.35,1866.0,1871.0,1832.62,2609483.0,478219000000000.0,119651.0,1435920.0,
30-10-2018,TCS,1871.0,1867.0,1909.4,1845.0,1894.0,1894.8,,2404883.0,454664000000000.0,125360.0,1105832.0,0.4598
31-10-2018,TCS,1894.8,1900.0,1943.9,1875.45,1934.6,,1915.93,2769190.0,530557000000000.0,,,0.5294
01-11-2018,TCS,1938.15,1943.65,1944.35,1901.3,1928.0,1935.75,1918.75,2769759.0,531447000000000.0,136593.0,1759583.0,
02-11-2018,TCS,1935.75,1934.2,1954.6,1905.0,1913.45,,1926.04,1818635.0,350276000000000.0,,770182.0,0.4235
05-11-2018,TCS,1913.45,,1927.35,1884.75,1894.0,1890.85,1901.41,1713366.0,325781000000000.0,97267.0,932470.0,0.5442
06-11-2018,TCS,1890.85,1894.0,1937.5,1891.0,1930.0,,1926.88,,269514000000000.0,81458.0,581307.0,0.4156
07-11-2018,TCS,1932.7,1940.0,1949.0,1937.0,1941.0,1942.15,,144530.0,28071400000000.0,9190.0,41471.0,0.2869
09-11-2018,TCS,1942.15,1961.0,1961.95,1905.0,1908.0,1909.2,1918.61,2570479.0,493175000000000.0,201582.0,1692526.0,0.6584
12-11-2018,TCS,1909.2,1908.5,,1908.5,1917.8,1914.85,1928.01,2552008.0,492028000000000.0,94374.0,1323167.0,0.5185
13-11-2018,TCS,1914.85,1915.0,1939.0,1903.0,,1934.95,1927.95,1418432.0,273466000000000.0,60182.0,724102.0,0.5105
14-11-2018,TCS,1934.95,1925.0,1929.9,,1880.0,1880.65,1883.81,,456320000000000.0,112536.0,1410903.0,0.5825
15-11-2018,TCS,1880.65,1864.0,1899.0,1857.6,1877.0,1872.85,1881.5,1829123.0,344150000000000.0,,746855.0,0.4083
16-11-2018,TCS,1872.85,1889.0,1899.8,1870.25,,1886.6,1883.01,1829729.0,344540000000000.0,86826.0,1011076.0,0.5526
19-11-2018,TCS,1886.6,1899.0,1907.35,1864.3,1902.0,1902.45,1883.58,1740628.0,327860000000000.0,,964132.0,0.5539
20-11-2018,TCS,1902.45,,1902.0,1874.2,1880.0,1878.25,1883.47,1190182.0,224167000000000.0,60265.0,569446.0,0.4785
21-11-2018,TCS,1878.25,1871.0,1871.05,1798.55,1813.0,1812.0,,3840461.0,,182675.0,1879471.0,
22-11-2018,TCS,1812.0,1820.0,1847.6,1809.95,1816.2,1812.55,,3194219.0,584744000000000.0,139414.0,1785075.0,0.5588
26-11-2018,TCS,1812.55,1819.0,1860.0,,1846.0,1846.1,1813.41,4333177.0,785783000000000.0,203328.0,2541269.0,0.5865
27-11-2018,TCS,1846.1,1854.0,1897.9,1835.35,1895.0,1890.25,1864.24,3344839.0,623557000000000.0,143244.0,1708874.0,0.5109
28-11-2018,TCS,1890.25,1889.0,1989.0,1882.5,1985.05,1983.9,1951.77,5313249.0,1037020000000000.0,227744.0,2551399.0,0.4802
29-11-2018,TCS,1983.9,1997.0,1997.0,1942.55,,1960.55,1964.64,4035441.0,792819000000000.0,,1363605.0,
30-11-2018,TCS,1960.55,1966.0,1991.0,1959.85,1974.8,1968.25,1972.18,5268901.0,1039120000000000.0,205076.0,3365155.0,0.6387
,TCS,1968.25,1984.0,1990.0,1968.3,1984.0,1982.4,1978.67,1610576.0,318680000000000.0,125194.0,839773.0,0.5214
04-12-2018,TCS,1982.4,1983.0,2019.4,1971.0,2009.85,2010.85,2004.77,3270615.0,655682000000000.0,,1493209.0,0.4566
05-12-2018,TCS,2010.85,,2018.0,1985.0,2003.9,2006.75,2004.02,2501539.0,501312000000000.0,,1257790.0,0.5028
06-12-2018,TCS,,,2017.0,1979.6,1990.0,1992.7,1997.82,2321216.0,463737000000000.0,,1077051.0,0.464
07-12-2018,TCS,1992.7,1985.05,,1973.0,1999.85,,1991.36,1680420.0,334633000000000.0,99269.0,,0.4689
10-12-2018,TCS,1995.2,1975.0,2011.0,1960.0,,1975.8,1988.81,2010786.0,399907000000000.0,131125.0,881798.0,0.4385
,TCS,1975.8,1970.0,2010.0,1961.0,1997.05,2000.0,1993.07,2942014.0,586363000000000.0,155565.0,1411423.0,
12-12-2018,TCS,2000.0,2001.1,2022.0,1984.95,2016.5,2016.8,2011.87,,446634000000000.0,137802.0,941049.0,0.4239
13-12-2018,TCS,2016.8,2024.0,2029.7,1974.5,1981.95,1982.6,1995.57,3748429.0,748024000000000.0,230059.0,,0.5904
14-12-2018,TCS,1982.6,1983.0,1998.95,1975.25,1989.0,,1984.61,2473761.0,,,,0.587
17-12-2018,TCS,,1999.0,2004.9,1985.0,1992.9,1994.3,1993.85,1227921.0,244830000000000.0,82547.0,,0.4792
18-12-2018,TCS,1994.3,1991.9,2002.0,1976.4,1987.9,1987.85,1986.56,,351371000000000.0,98048.0,969344.0,0.548
19-12-2018,TCS,1987.85,1984.8,1984.8,1960.05,1970.8,1968.45,,2498833.0,491980000000000.0,162431.0,1521333.0,0.6088
20-12-2018,TCS,1968.45,1953.8,1974.9,1946.0,,,1955.65,1940277.0,379451000000000.0,110330.0,985457.0,0.5079
21-12-2018,TCS,,1948.0,1950.0,,1905.0,1895.8,1913.17,3729956.0,713605000000000.0,148411.0,2165114.0,0.5805
24-12-2018,TCS,1895.8,1905.8,1938.9,1905.0,1922.0,1918.5,1924.7,,,,584722.0,0.3137
26-12-2018,TCS,1918.5,1921.8,1921.8,1870.25,1892.0,1889.2,1884.77,2446614.0,461130000000000.0,97165.0,1206484.0,0.4931
27-12-2018,TCS,1889.2,,1941.7,1872.1,1909.1,1908.95,1920.44,4968201.0,954115000000000.0,143656.0,1869270.0,0.3762
28-12-2018,TCS,1908.95,1915.0,1920.0,1893.0,1897.0,1896.05,1907.36,2239130.0,427084000000000.0,112230.0,1238176.0,0.553
31-12-2018,TCS,1896.05,1908.0,1909.0,1886.15,1894.75,1893.05,1896.42,1879740.0,356477000000000.0,66284.0,1025862.0,
01-01-2019,TCS,1893.05,1896.0,1910.0,1885.0,1905.9,1902.8,1899.78,1094883.0,208003000000000.0,32636.0,489139.0,0.4468
02-01-2019,TCS,1902.8,1905.0,1934.45,1900.0,1919.0,1923.3,,2100463.0,403899000000000.0,,664045.0,0.3161
,TCS,1923.3,1919.0,1944.95,,1901.0,1899.95,1916.85,2611668.0,500618000000000.0,144072.0,1250117.0,0.4787
04-01-2019,TCS,1899.95,1900.0,1901.2,,1882.0,1876.85,1869.19,4280862.0,800174000000000.0,208198.0,1657983.0,0.3873
07-01-2019,TCS,1876.85,1891.8,1908.8,1881.0,1898.0,,1894.04,1856423.0,351613000000000.0,,956009.0,0.515
08-01-2019,TCS,1897.9,1905.4,1906.4,1883.3,1891.0,1893.55,1892.03,1691756.0,320085000000000.0,,,0.47
09-01-2019,TCS,1893.55,1907.4,1919.0,1866.7,1884.6,1886.95,1897.56,2414376.0,458142000000000.0,120123.0,996472.0,0.4127
10-01-2019,TCS,1886.95,1890.0,1905.0,1872.1,1883.0,1888.55,1891.77,,577645000000000.0,123512.0,1290181.0,0.4225
11-01-2019,TCS,1888.55,1870.0,1875.0,1835.0,1843.45,1842.55,1849.37,9209862.0,1703240000000000.0,290559.0,2969901.0,0.3225
14-01-2019,TCS,,1850.0,1851.0,1810.0,,1813.25,1817.21,3615370.0,656989000000000.0,,2059040.0,0.5695
15-01-2019,TCS,,1810.0,1869.35,,1866.0,,1857.55,7711653.0,1432480000000000.0,199057.0,1656095.0,0.2148
16-01-2019,TCS,1867.8,1870.0,1875.0,1847.0,1873.95,1870.15,1861.89,2359280.0,439272000000000.0,131093.0,1033927.0,
17-01-2019,TCS,1870.15,1878.0,1898.0,1871.3,1895.0,,1887.33,2625816.0,495579000000000.0,124983.0,1357445.0,0.517
18-01-2019,TCS,1894.3,1881.0,1904.2,,1899.5,1900.65,1891.36,1683728.0,318454000000000.0,110667.0,811536.0,0.482
21-01-2019,TCS,1900.65,1902.0,1932.0,1895.45,1903.5,1908.7,1916.27,2409803.0,,119665.0,1055927.0,0.4382
22-01-2019,TCS,1908.7,1907.1,1918.25,1890.0,1896.7,1901.9,1902.97,2457093.0,467576000000000.0,186202.0,1563235.0,0.6362
23-01-2019,TCS,,1901.0,1906.1,1870.0,1881.0,1875.6,1882.8,2578169.0,485418000000000.0,116599.0,,
24-01-2019,TCS,1875.6,1884.8,1905.25,1875.0,1902.0,1901.55,1893.8,1962927.0,,109822.0,967677.0,0.493
,TCS,1901.55,1902.0,1935.0,1901.0,1919.5,1920.8,1921.92,,447247000000000.0,96992.0,1023079.0,0.4396
28-01-2019,TCS,1920.8,1933.0,1962.0,1925.5,1960.0,1955.0,1948.39,2769033.0,539514000000000.0,108034.0,1458544.0,0.5267
29-01-2019,TCS,1955.0,1962.0,1989.05,1936.65,1983.35,1982.75,1959.99,2557626.0,,120832.0,1311491.0,0.5128
30-01-2019,TCS,1982.75,1979.6,1989.5,1954.65,1984.15,1981.4,1975.06,2429575.0,479857000000000.0,112445.0,1325919.0,0.5457
31-01-2019,TCS,1981.4,1987.0,2019.75,1985.0,2009.5,2014.1,2008.37,4094319.0,822292000000000.0,146142.0,2810409.0,0.6864
,TCS,2014.1,2009.5,2034.75,1998.1,2024.2,2029.95,2022.08,3064163.0,619598000000000.0,113684.0,1682369.0,0.549
04-02-2019,TCS,2029.95,2029.95,2055.45,2023.0,2049.2,2050.25,2039.87,1590764.0,324495000000000.0,67625.0,718838.0,0.4519
,TCS,2050.25,2050.0,2055.0,2028.0,,,2043.13,1111404.0,227074000000000.0,50408.0,333979.0,0.3005
06-02-2019,TCS,,2049.9,2086.85,2041.05,2070.0,2074.8,2067.55,1789812.0,370053000000000.0,84074.0,,0.4954
07-02-2019,TCS,2074.8,,2097.95,2067.0,2078.25,2082.9,2084.77,1339945.0,279348000000000.0,67902.0,658726.0,0.4916
08-02-2019,TCS,2082.9,2075.0,2089.5,2051.0,2055.65,2061.4,2072.46,1684474.0,349100000000000.0,71171.0,936611.0,
11-02-2019,TCS,2061.4,2060.0,2096.0,2048.9,2065.6,2065.9,2077.11,1778730.0,369462000000000.0,83603.0,901516.0,0.5068
12-02-2019,TCS,,2070.0,2070.0,2018.0,2051.0,2051.6,2042.96,2422903.0,494990000000000.0,115864.0,1168012.0,0.4821
13-02-2019,TCS,,2062.0,2083.0,2050.5,2057.0,,2064.32,2808581.0,579780000000000.0,,,
14-02-2019,TCS,2065.4,2060.05,,2033.05,2049.0,,2050.83,1724085.0,353581000000000.0,82641.0,917991.0,0.5325
15-02-2019,TCS,2044.6,2049.0,2052.0,2010.95,2034.6,2029.7,2031.88,1930065.0,,96728.0,1068343.0,0.5535
18-02-2019,TCS,2029.7,2037.6,2041.95,1962.65,1969.6,1970.3,1988.87,2942184.0,585163000000000.0,100585.0,1668905.0,0.5672
19-02-2019,TCS,1970.3,1970.0,,1892.0,1907.6,1904.8,1930.07,4408554.0,850883000000000.0,161765.0,2254434.0,0.5114
20-02-2019,TCS,1904.8,1915.0,1933.8,1881.3,1913.3,1914.75,1908.2,4645778.0,886509000000000.0,139504.0,2232869.0,0.4806
21-02-2019,TCS,1914.75,1914.75,1940.0,1897.05,1912.0,1914.2,1922.84,4683919.0,900645000000000.0,171685.0,,0.4985
22-02-2019,TCS,1914.2,1917.2,1930.0,1905.1,1929.0,1925.65,1920.72,2271955.0,436379000000000.0,112148.0,1355421.0,0.5966
,TCS,1925.65,,,1930.5,1987.0,1985.15,1961.61,2934880.0,575709000000000.0,,1341508.0,0.4571
26-02-2019,TCS,1985.15,1984.0,2045.15,1972.25,2032.5,2038.7,2022.12,6453309.0,1304940000000000.0,177907.0,,0.5217
27-02-2019,TCS,,2040.0,2074.95,2022.0,2052.5,2058.1,,4732082.0,970195000000000.0,168823.0,2532055.0,0.5351
28-02-2019,TCS,,2060.0,2071.35,1977.6,1983.5,1983.45,2009.42,8454295.0,1698820000000000.0,284872.0,3927877.0,0.4646
01-03-2019,TCS,1983.45,1995.05,2005.0,,1995.0,1995.4,1993.73,4148548.0,827106000000000.0,128204.0,2071633.0,0.4994
05-03-2019,TCS,1995.4,2005.0,2007.0,1976.6,1985.05,1988.1,1987.11,2449622.0,,151723.0,1394714.0,0.5694
06-03-2019,TCS,,1989.3,2015.0,1985.05,2005.0,1999.6,2001.3,2635047.0,527353000000000.0,,1257394.0,0.4772
07-03-2019,TCS,1999.6,2005.0,2024.05,2000.2,,2013.3,2014.4,2539884.0,511633000000000.0,126121.0,1392383.0,0.5482
08-03-2019,TCS,,2025.0,2033.0,2010.05,2022.75,2022.7,2023.03,2031071.0,410892000000000.0,116872.0,971744.0,0.4784
11-03-2019,TCS,2022.7,2028.9,2033.0,2003.65,2016.15,2014.8,2017.1,3111689.0,627659000000000.0,104833.0,2195339.0,0.7055
12-03-2019,TCS,2014.8,2014.05,2024.8,,2009.1,2012.45,2015.6,,535858000000000.0,132223.0,1716971.0,0.6458
13-03-2019,TCS,2012.45,2013.0,2015.9,1978.6,1995.0,2000.5,2001.12,1833163.0,366837000000000.0,112785.0,821473.0,0.4481
14-03-2019,TCS,2000.5,2004.95,2007.8,1981.0,1990.4,1987.4,1991.28,1905495.0,379437000000000.0,124863.0,1000627.0,
15-03-2019,TCS,1987.4,1998.9,2068.95,1991.0,2036.0,2039.95,2040.01,5184318.0,1057610000000000.0,164284.0,,
,TCS,,2043.0,2064.6,2011.0,,2022.8,2033.02,2349915.0,477744000000000.0,116385.0,,0.3693
19-03-2019,TCS,2022.8,,2030.0,,2028.5,2022.8,2010.71,2373993.0,477342000000000.0,135360.0,1176359.0,0.4955
20-03-2019,TCS,2022.8,2028.0,2044.8,2000.0,2000.25,2015.05,2025.82,3091165.0,,161415.0,1678488.0,
,TCS,2015.05,2015.0,2016.0,1983.3,2010.0,2005.65,1998.96,,629303000000000.0,155770.0,1787595.0,0.5678
25-03-2019,TCS,2005.65,2007.8,2007.8,1977.2,,1984.25,,2429205.0,482896000000000.0,94852.0,1430988.0,0.5891
26-03-2019,TCS,1984.25,1984.0,1994.95,1958.05,1977.4,1982.65,1971.46,2316539.0,456696000000000.0,,893480.0,0.3857
27-03-2019,TCS,1982.65,1994.0,1998.0,1961.0,1964.85,1967.9,1979.12,,448500000000000.0,110306.0,1163070.0,0.5132
28-03-2019,TCS,1967.9,1980.0,2014.6,1972.8,2004.45,2000.3,1993.96,4054489.0,808451000000000.0,144600.0,,0.5305
,TCS,2000.3,2019.0,2024.9,1983.55,2000.0,2001.65,2001.7,,590293000000000.0,134193.0,1191681.0,0.4041
01-04-2019,TCS,,2010.0,2039.95,2008.25,2034.95,2031.65,2027.91,2095740.0,424996000000000.0,109983.0,748739.0,0.3573
02-04-2019,TCS,2031.65,2037.1,2086.0,2037.0,2079.0,2079.3,2064.13,3719663.0,767786000000000.0,124157.0,1757245.0,0.4724
03-04-2019,TCS,2079.3,2085.0,2089.6,2058.1,,2079.3,2073.86,2939886.0,609692000000000.0,119988.0,1164726.0,0.3962
04-04-2019,TCS,2079.3,2078.15,2079.7,2007.4,2017.0,,2039.77,4397518.0,,145227.0,2310866.0,0.5255
05-04-2019,TCS,2014.5,2028.65,2054.4,2018.8,2051.0,,2037.19,,642144000000000.0,,1536645.0,0.4875
08-04-2019,TCS,2048.3,,2075.0,2032.7,2073.6,2070.75,2056.64,2194294.0,451288000000000.0,130397.0,788699.0,0.3594
09-04-2019,TCS,2070.75,2070.0,2098.0,2057.65,2087.45,2091.5,2085.63,2690970.0,561237000000000.0,122603.0,1036682.0,0.3852
10-04-2019,TCS,2091.5,,2085.5,2036.0,2043.65,,2053.91,3313062.0,680472000000000.0,168190.0,1821699.0,0.5499
11-04-2019,TCS,2040.25,2045.0,2055.0,2013.65,2025.0,2019.5,2028.47,3422442.0,694231000000000.0,133153.0,1568180.0,0.4582
12-04-2019,TCS,2019.5,2038.0,,2007.0,2013.05,2014.5,2019.97,3198471.0,646081000000000.0,126989.0,1040440.0,0.3253
15-04-2019,TCS,2014.5,2070.0,2119.8,2041.0,2113.0,2113.3,2086.02,9189201.0,1916890000000000.0,282918.0,3402175.0,
16-04-2019,TCS,2113.3,2120.0,2155.95,,2137.0,2131.8,2137.54,5771952.0,,222230.0,2514452.0,0.4356
18-04-2019,TCS,2131.8,2149.9,2155.0,,2149.25,2150.05,2138.81,3413728.0,730131000000000.0,159168.0,1564757.0,0.4584
22-04-2019,TCS,2150.05,2148.0,2176.0,2145.6,2160.3,2161.45,2165.74,2007135.0,434693000000000.0,79881.0,717594.0,0.3575
,TCS,2161.45,2163.0,,2134.05,2163.0,2155.05,2147.21,,464553000000000.0,,970246.0,0.4485
24-04-2019,TCS,2155.05,2158.0,2195.0,2156.1,2168.6,2183.45,2172.32,3003071.0,652362000000000.0,128669.0,,0.5724
,TCS,2183.45,2175.0,2205.0,,2203.0,2195.0,2189.55,4211526.0,922134000000000.0,108403.0,,0.7055
26-04-2019,TCS,2195.0,2203.0,2243.95,2193.15,2231.1,2238.55,2225.36,2716958.0,604620000000000.0,110079.0,1175323.0,0.4326
30-04-2019,TCS,2238.55,2238.55,2266.95,,2256.25,2260.35,2252.48,3488395.0,785754000000000.0,135194.0,,0.5811
02-05-2019,TCS,2260.35,2255.0,2259.4,2211.1,2214.7,2215.4,2227.88,2457699.0,547545000000000.0,106215.0,1064368.0,0.4331
03-05-2019,TCS,2215.4,2185.0,2186.05,2125.0,2137.0,,2153.0,3780886.0,814026000000000.0,188561.0,,0.4342
06-05-2019,TCS,,2110.0,2165.0,2108.5,2155.2,2157.85,2150.11,2891422.0,621688000000000.0,109314.0,1224571.0,0.4235
07-05-2019,TCS,,2160.05,2184.35,2138.8,2154.0,,2163.53,2201698.0,476344000000000.0,86096.0,975603.0,0.4431
08-05-2019,TCS,2151.95,,2168.0,2130.4,2156.0,,,1824895.0,392690000000000.0,77713.0,781526.0,0.4283
09-05-2019,TCS,2152.85,,2184.1,2136.1,2171.2,2172.55,2166.98,2264162.0,490640000000000.0,106297.0,1251459.0,0.5527
10-05-2019,TCS,2172.55,,2192.0,2125.85,,2135.8,2161.83,2039633.0,440935000000000.0,85446.0,873181.0,0.4281
13-05-2019,TCS,2135.8,2133.0,2167.0,2121.65,2134.0,2128.75,2143.87,1701744.0,364833000000000.0,74014.0,677242.0,0.398
14-05-2019,TCS,2128.75,2135.0,2159.8,2072.35,2095.8,2092.35,2101.14,2456110.0,,118567.0,926566.0,0.3772
15-05-2019,TCS,2092.35,2097.0,2124.0,2084.5,2095.0,2095.4,2103.66,2346876.0,493702000000000.0,119315.0,1108059.0,0.4721
,TCS,2095.4,2096.0,2124.0,2077.05,2111.5,2108.75,2107.55,1946529.0,410240000000000.0,118994.0,916519.0,0.4708
17-05-2019,TCS,2108.75,2112.6,2135.0,,,2095.45,2107.34,1947908.0,410489000000000.0,,891442.0,0.4576
20-05-2019,TCS,2095.45,2125.0,2151.4,2050.0,2148.0,2143.95,,2625116.0,556394000000000.0,112038.0,1154403.0,
21-05-2019,TCS,2143.95,2148.05,2148.7,2102.55,2106.2,2109.75,2122.37,1863157.0,395432000000000.0,100432.0,1042172.0,
22-05-2019,TCS,2109.75,2110.0,2121.95,2075.0,2090.0,2081.75,2091.31,2595795.0,542861000000000.0,154844.0,1410070.0,0.5432
23-05-2019,TCS,2081.75,2098.0,2115.35,2050.0,2057.0,2054.05,2071.74,2541294.0,,122224.0,1169296.0,0.4601
24-05-2019,TCS,,2070.0,2070.0,2032.25,2050.0,2048.0,2051.14,2274208.0,,114179.0,1255954.0,
27-05-2019,TCS,2048.0,2054.8,2068.95,,2058.0,2055.15,,2329820.0,478747000000000.0,85924.0,1377094.0,0.5911
28-05-2019,TCS,2055.15,2060.0,2097.5,2045.0,,2073.75,2076.46,5872979.0,1219500000000000.0,205972.0,4034671.0,0.687
,TCS,2073.75,2080.0,2123.7,,,,2109.46,3281320.0,692181000000000.0,177202.0,,0.4597
30-05-2019,TCS,2107.55,2123.0,2156.55,2114.4,2146.3,2146.3,,4971725.0,1065250000000000.0,,2210404.0,0.4446
31-05-2019,TCS,2146.3,,2204.95,2152.25,2200.0,2196.55,2184.11,4265370.0,931606000000000.0,,2338193.0,
03-06-2019,TCS,2196.55,2201.0,2247.65,2185.65,2240.1,2242.3,2223.68,3682419.0,,138425.0,1964140.0,0.5334
04-06-2019,TCS,,2224.0,2224.0,2175.0,2188.0,2183.1,2195.01,2408658.0,528702000000000.0,98393.0,973876.0,0.4043
06-06-2019,TCS,2183.1,2199.0,2199.0,2152.0,2166.0,2166.1,2169.63,3735467.0,810460000000000.0,116134.0,2225149.0,0.5957
07-06-2019,TCS,2166.1,2174.0,2189.8,2142.1,2179.8,2181.75,2161.21,2659446.0,574761000000000.0,79783.0,886597.0,0.3334
10-06-2019,TCS,2181.75,2196.7,2235.85,2185.5,2229.1,2231.5,2219.98,2080593.0,461888000000000.0,106316.0,814523.0,
11-06-2019,TCS,2231.5,2237.0,2263.95,2231.0,2252.0,2252.8,2250.89,3048937.0,686284000000000.0,148188.0,1367975.0,0.4487
12-06-2019,TCS,2252.8,2245.0,2266.9,2219.0,2264.0,2260.9,2241.29,2404448.0,538907000000000.0,141774.0,1036077.0,0.4309
13-06-2019,TCS,2260.9,2264.0,2285.0,2243.05,2244.0,2254.1,2265.77,3320916.0,752442000000000.0,138967.0,1358755.0,0.4092
14-06-2019,TCS,,2257.25,2263.1,,2249.8,2254.5,2250.08,2131408.0,479583000000000.0,130534.0,947049.0,0.4443
17-06-2019,TCS,2254.5,2256.0,2262.0,2241.45,2244.0,2249.2,2252.43,1489497.0,335499000000000.0,82160.0,649266.0,0.4043
,TCS,2249.2,2244.0,2260.0,2231.2,2253.5,2250.85,2245.75,1877447.0,421627000000000.0,148431.0,959921.0,0.4934
,TCS,2250.85,2255.0,2276.0,2243.15,2261.2,2259.9,,1652817.0,373899000000000.0,88350.0,715271.0,0.4328
20-06-2019,TCS,2259.9,,2284.0,2212.0,2283.3,2277.95,2248.36,2199377.0,,123696.0,870081.0,0.3956
,TCS,2277.95,2285.0,2292.5,2242.0,2252.05,2249.85,2255.87,3871804.0,873428000000000.0,141057.0,2767225.0,0.7147
24-06-2019,TCS,2249.85,2254.15,2280.0,2250.8,2277.0,2275.5,2267.8,1382424.0,313507000000000.0,78153.0,528471.0,0.3823
25-06-2019,TCS,2275.5,2270.0,2274.45,2250.5,2263.0,,,1386077.0,,99699.0,598681.0,0.4319
26-06-2019,TCS,2267.8,2265.0,2266.8,2250.0,2253.05,2254.2,2259.22,1762224.0,398125000000000.0,94030.0,931941.0,0.5288
27-06-2019,TCS,,,2264.0,2241.3,2261.5,2252.55,2254.5,2813464.0,,138850.0,1814968.0,0.6451
28-06-2019,TCS,2252.55,2260.0,2261.95,2222.5,2228.0,2227.2,2234.73,2372928.0,530285000000000.0,115508.0,1468460.0,
01-07-2019,TCS,,2235.0,2255.0,,2233.05,2239.55,2237.15,2769940.0,619676000000000.0,129268.0,1579799.0,0.5703
02-07-2019,TCS,2239.55,2244.9,2257.0,,2254.3,,2237.79,1771746.0,396480000000000.0,,816451.0,0.4608
,TCS,2252.1,2252.2,2258.8,2232.0,2234.0,2237.65,2242.16,1656881.0,371500000000000.0,87941.0,739089.0,0.4461
04-07-2019,TCS,2237.65,2234.0,2252.0,2230.1,2241.0,2242.65,2241.04,984140.0,220550000000000.0,59990.0,352899.0,0.3586
05-07-2019,TCS,2242.65,,2250.0,2140.0,2166.85,2163.1,2179.39,4088470.0,,160276.0,1736073.0,0.4246
08-07-2019,TCS,2163.1,2149.0,2188.8,2132.1,2171.1,2175.4,2168.49,2788062.0,604588000000000.0,109097.0,1186748.0,0.4257
09-07-2019,TCS,,2174.0,2174.4,2104.55,,2133.35,2128.96,3977224.0,846734000000000.0,191613.0,1817164.0,0.4569
10-07-2019,TCS,2133.35,2080.0,2127.85,2071.3,2105.3,2108.2,,6343581.0,,223857.0,1665050.0,0.2625
11-07-2019,TCS,2108.2,2128.0,2129.0,2086.05,2101.95,2102.55,2103.2,2400346.0,504840000000000.0,,967380.0,0.403
12-07-2019,TCS,2102.55,2102.1,2119.75,2093.1,2108.0,2107.6,2108.31,,329049000000000.0,94025.0,,0.4869
15-07-2019,TCS,,2125.0,2153.6,2098.0,2135.5,2145.7,2126.77,2900415.0,616852000000000.0,158215.0,1436299.0,0.4952
16-07-2019,TCS,2145.7,2126.0,,2100.0,2105.0,2106.0,2108.89,,576865000000000.0,182859.0,1518786.0,0.5552
17-07-2019,TCS,2106.0,2108.0,2125.0,2092.1,2111.8,2117.25,2111.55,,380706000000000.0,,639367.0,
18-07-2019,TCS,2117.25,2116.2,2116.2,2060.0,2075.55,2065.95,2084.29,3072096.0,,167750.0,1936907.0,
,TCS,2065.95,2077.0,2097.0,2062.5,2079.9,2076.95,2080.79,1953177.0,406415000000000.0,108418.0,856415.0,0.4385
22-07-2019,TCS,2076.95,2077.0,2117.45,2068.8,2107.15,2109.9,2099.33,1920167.0,403107000000000.0,113048.0,889344.0,0.4632
23-07-2019,TCS,2109.9,2127.9,2130.0,2102.4,2119.95,2112.45,2120.71,3538588.0,750431000000000.0,117545.0,2468145.0,0.6975
24-07-2019,TCS,2112.45,2110.0,2120.8,2076.5,2097.55,2096.8,,,506167000000000.0,112922.0,1199779.0,0.4972
25-07-2019,TCS,2096.8,2108.9,2135.0,2092.55,,2127.9,2118.42,2544464.0,539024000000000.0,119553.0,1320598.0,0.519
,TCS,2127.9,2129.8,2129.8,2095.0,2112.65,2109.05,2109.59,1720592.0,362974000000000.0,88967.0,,0.6115
29-07-2019,TCS,2109.05,2110.8,2142.0,,2125.1,2130.0,2123.42,1647090.0,349746000000000.0,95152.0,670671.0,0.4072
30-07-2019,TCS,2130.0,2130.0,2185.0,2120.45,2176.3,2179.15,2162.72,2851672.0,616737000000000.0,,1640143.0,0.5752
31-07-2019,TCS,2179.15,2171.75,2211.7,2147.15,2201.0,2205.7,2180.17,3000677.0,654199000000000.0,132679.0,1406687.0,0.4688
,TCS,2205.7,2200.0,2217.5,2166.25,2178.3,2180.05,2195.1,2375236.0,521387000000000.0,175166.0,1115202.0,0.4695
02-08-2019,TCS,2180.05,2173.0,2210.0,2165.5,2205.0,2205.3,2185.91,,546656000000000.0,154834.0,1184875.0,
05-08-2019,TCS,2205.3,2199.9,2252.25,2195.6,2240.0,2248.6,2241.19,,681251000000000.0,149146.0,1648531.0,0.5423
06-08-2019,TCS,2248.6,2232.8,2251.95,2211.45,,2214.9,2232.27,,644113000000000.0,181107.0,1254987.0,0.4349
07-08-2019,TCS,2214.9,2230.0,2238.5,2207.25,2218.9,2213.45,,2165362.0,481391000000000.0,141079.0,1149124.0,0.5307
08-08-2019,TCS,2213.45,2228.9,2281.0,2218.9,2253.8,,2247.44,2073298.0,465960000000000.0,139214.0,942856.0,
09-08-2019,TCS,2258.1,2260.0,2267.9,2241.35,,2246.25,2253.09,1744550.0,393062000000000.0,119969.0,708230.0,0.406
13-08-2019,TCS,2246.25,2245.0,2246.25,2194.3,2200.0,2199.45,,1647281.0,365632000000000.0,157195.0,,0.5423
14-08-2019,TCS,2199.45,2181.1,2217.85,2167.4,2205.3,2204.4,2200.61,1945002.0,428020000000000.0,,969990.0,0.4987
16-08-2019,TCS,2204.4,2241.4,2241.4,,2162.0,2165.1,2173.77,3755507.0,816360000000000.0,191781.0,2121016.0,0.5648
19-08-2019,TCS,2165.1,2180.0,2186.0,2157.7,2166.0,2163.0,2171.81,974884.0,211727000000000.0,80584.0,358199.0,0.3674
,TCS,2163.0,2172.0,2205.0,2166.5,2190.0,2186.75,2190.28,1843611.0,403802000000000.0,104689.0,608831.0,0.3302
21-08-2019,TCS,2186.75,2184.95,,2182.25,2183.0,2186.2,2193.43,,266372000000000.0,75613.0,523155.0,0.4308
22-08-2019,TCS,2186.2,2187.0,2235.65,2170.0,2210.0,2216.0,2213.54,2131601.0,471839000000000.0,106338.0,923535.0,0.4333
23-08-2019,TCS,2216.0,2214.95,2259.9,2213.9,2250.0,2247.7,2244.15,2826425.0,634293000000000.0,142446.0,1480086.0,0.5237
26-08-2019,TCS,2247.7,,2282.0,2225.0,2267.0,2276.3,2259.83,2345475.0,530037000000000.0,113243.0,,0.4862
27-08-2019,TCS,2276.3,2270.0,,2229.0,2241.5,2236.5,2241.51,3432106.0,769310000000000.0,,2396488.0,0.6983
28-08-2019,TCS,2236.5,2240.0,,2216.0,,2239.25,2233.18,1294621.0,289113000000000.0,91252.0,538431.0,
29-08-2019,TCS,,2222.2,2248.2,2222.2,2232.0,2233.45,2235.21,1670652.0,373426000000000.0,98341.0,761633.0,0.4559
30-08-2019,TCS,2233.45,2241.0,2266.0,,2259.0,2259.6,2241.92,2583625.0,579227000000000.0,117933.0,1472256.0,0.5698
03-09-2019,TCS,,2270.0,2296.2,2236.95,2246.0,2251.6,2275.88,2545060.0,579225000000000.0,131301.0,1257157.0,0.494
04-09-2019,TCS,2251.6,2265.0,,2233.0,2245.2,2245.4,2248.41,2228092.0,,128138.0,1359618.0,0.6102
05-09-2019,TCS,2245.4,2242.2,2253.65,2207.3,2215.95,2215.3,2225.26,,457500000000000.0,133165.0,1200345.0,0.5838
06-09-2019,TCS,2215.3,2216.0,2233.5,,2198.0,2197.5,2204.18,1890550.0,416711000000000.0,118713.0,853437.0,0.4514
09-09-2019,TCS,2197.5,,2202.85,2179.8,2185.0,2182.85,2188.09,1703945.0,372839000000000.0,121273.0,677662.0,0.3977
11-09-2019,TCS,2182.85,2186.0,2195.0,2146.55,2151.6,2154.0,2162.64,2627440.0,568220000000000.0,199136.0,1433413.0,0.5456
,TCS,2154.0,2155.0,2165.0,,2134.6,2133.6,2135.46,2118859.0,,138766.0,1080259.0,0.5098
13-09-2019,TCS,2133.6,2135.0,2157.95,2115.55,2143.0,2141.95,2135.83,2291174.0,489356000000000.0,138321.0,873724.0,0.3813
16-09-2019,TCS,2141.95,2159.95,2173.4,2126.4,2150.0,2150.0,,2597948.0,558863000000000.0,151943.0,1165596.0,
17-09-2019,TCS,2150.0,2154.95,,2105.6,2126.4,2122.65,2123.78,2796530.0,593922000000000.0,121706.0,1594628.0,0.5702
18-09-2019,TCS,2122.65,2126.4,2142.95,2113.15,2141.15,2138.55,2133.02,1454663.0,310282000000000.0,,674870.0,0.4639
19-09-2019,TCS,2138.55,2135.0,2135.8,,2096.9,2101.95,2103.74,1652691.0,347683000000000.0,101537.0,791932.0,0.4792
20-09-2019,TCS,2101.95,2104.9,2129.4,2057.0,2069.0,2065.45,2083.7,6941979.0,1446500000000000.0,275363.0,,0.6584
23-09-2019,TCS,2065.45,2099.0,2099.0,1975.0,2020.0,2015.8,,,1272020000000000.0,293188.0,3672464.0,0.5808
24-09-2019,TCS,2015.8,2015.0,2061.0,2013.0,2047.3,2044.7,2045.07,4620978.0,945024000000000.0,219776.0,2506661.0,0.5425
25-09-2019,TCS,2044.7,2065.0,2092.0,2060.05,2084.0,2088.45,2077.98,4002232.0,831655000000000.0,205505.0,2508929.0,0.6269
26-09-2019,TCS,,2097.9,2107.0,2063.0,2089.6,2087.6,2084.45,4234281.0,882613000000000.0,216311.0,2698499.0,0.6373
27-09-2019,TCS,,2085.0,2085.2,,2059.0,2056.15,2065.56,2046795.0,422778000000000.0,125241.0,,0.5104
30-09-2019,TCS,2056.15,2061.85,2104.0,2060.0,2097.0,2099.3,2090.07,2620039.0,547608000000000.0,,1414661.0,0.5399
01-10-2019,TCS,2099.3,2095.95,2095.95,2039.7,,2059.95,2059.04,3342877.0,688311000000000.0,170294.0,2098408.0,0.6277
03-10-2019,TCS,2059.95,2070.0,2081.15,2046.15,2056.0,2060.25,,2317618.0,478698000000000.0,187925.0,1389047.0,0.5993
04-10-2019,TCS,2060.25,2060.6,2087.95,,2078.0,2079.35,2079.28,,449801000000000.0,128092.0,,0.6666
07-10-2019,TCS,2079.35,2080.0,,2041.0,2046.0,2047.7,2062.27,2177916.0,449145000000000.0,98775.0,1162115.0,0.5336
09-10-2019,TCS,2047.7,,2060.0,2015.5,2021.9,2020.1,2026.43,2066920.0,418846000000000.0,107493.0,984558.0,0.4763
10-10-2019,TCS,2020.1,2028.0,2039.05,1997.1,2002.8,2004.45,2015.15,2881452.0,580657000000000.0,125920.0,959388.0,
11-10-2019,TCS,2004.45,1931.0,1995.0,1925.0,1989.0,1986.85,1958.07,12593069.0,2465810000000000.0,327238.0,6323332.0,0.5021
14-10-2019,TCS,1986.85,1995.0,2032.75,1968.0,2021.0,2021.0,2009.8,3510704.0,705581000000000.0,154256.0,1642252.0,0.4678
15-10-2019,TCS,2021.0,2032.0,2047.0,2022.7,2037.8,2037.3,2039.28,2261310.0,461145000000000.0,147982.0,1390076.0,0.6147
16-10-2019,TCS,2037.3,2038.0,2056.0,,2055.0,2046.4,2032.41,3034082.0,616649000000000.0,160140.0,1792942.0,0.5909
17-10-2019,TCS,,2014.0,2038.0,1999.3,2029.0,2030.95,2018.47,3818774.0,770808000000000.0,189836.0,2333221.0,0.611
18-10-2019,TCS,2030.95,2037.5,2063.9,2025.0,2059.0,2057.35,2046.03,3087901.0,631794000000000.0,115810.0,,0.641
22-10-2019,TCS,2057.35,,2111.5,2040.05,2050.0,,2067.79,5552505.0,1148140000000000.0,236213.0,3583843.0,0.6454
23-10-2019,TCS,2051.4,2060.0,2083.85,2052.5,2082.0,2070.1,2068.82,2348134.0,485786000000000.0,204587.0,1352785.0,0.5761
24-10-2019,TCS,,2084.0,,2061.3,2079.75,,2077.28,2798671.0,581362000000000.0,156073.0,1754891.0,0.627
25-10-2019,TCS,2082.0,2094.0,2130.0,2075.05,2121.6,2124.95,2102.55,3954245.0,831400000000000.0,165203.0,2535407.0,0.6412
27-10-2019,TCS,2124.95,2129.0,2129.0,2108.8,2117.65,2115.7,2117.14,224421.0,47513000000000.0,13145.0,76692.0,0.3417
29-10-2019,TCS,2115.7,2121.5,2201.7,2121.5,2197.5,,2173.21,5064173.0,1100550000000000.0,261926.0,,0.7224
30-10-2019,TCS,2194.85,,2260.0,2176.85,,2252.8,2229.89,,1158460000000000.0,180430.0,3259740.0,0.6275
31-10-2019,TCS,2252.8,2250.0,2284.95,,2274.55,,2267.61,4879261.0,1106430000000000.0,170321.0,2815579.0,0.5771
01-11-2019,TCS,2269.65,2264.0,2275.0,2195.0,2207.0,2200.9,2218.97,,,189932.0,2399676.0,0.5751
04-11-2019,TCS,2200.9,2207.0,2229.2,2180.9,2194.1,2193.95,2197.42,2646411.0,581529000000000.0,111662.0,1206343.0,0.4558
05-11-2019,TCS,2193.95,2197.0,2211.0,2169.0,2198.0,2201.85,2187.98,2693475.0,589327000000000.0,136536.0,1572121.0,0.5837
06-11-2019,TCS,2201.85,2200.0,2210.8,2179.0,2190.8,2188.5,,,556766000000000.0,112401.0,1426496.0,0.5615
07-11-2019,TCS,2188.5,2204.5,,2175.2,2185.0,2185.35,2186.08,1915598.0,418766000000000.0,97328.0,,0.5653
08-11-2019,TCS,2185.35,2189.6,2189.6,2124.0,2130.0,2129.95,2149.77,,599520000000000.0,110953.0,1620822.0,0.5812
11-11-2019,TCS,,2135.0,2139.0,2091.0,2100.9,2100.95,2105.79,2983768.0,628319000000000.0,159080.0,1728479.0,0.5793
13-11-2019,TCS,2100.95,2118.0,2183.8,2118.0,2179.0,2178.6,2161.51,3823365.0,826423000000000.0,160217.0,1769830.0,0.4629
14-11-2019,TCS,2178.6,2187.5,2200.0,2146.7,,2196.8,2183.42,2995915.0,654134000000000.0,104976.0,1188996.0,0.3969
15-11-2019,TCS,2196.8,2196.0,2211.5,2168.75,2174.45,2174.45,2191.82,2724180.0,597092000000000.0,95061.0,1528537.0,0.5611
18-11-2019,TCS,2174.45,2178.4,2187.75,2148.75,2151.0,2152.6,2159.1,1611089.0,347851000000000.0,66947.0,935177.0,0.5805
19-11-2019,TCS,2152.6,2153.0,,,2110.0,2108.8,2116.98,2975313.0,629866000000000.0,119968.0,1817909.0,0.611
20-11-2019,TCS,2108.8,2121.95,2135.0,2094.5,,2108.55,,2894129.0,611419000000000.0,119231.0,1321728.0,0.4567
21-11-2019,TCS,2108.55,2112.0,2126.6,2107.4,,2118.1,2120.22,,435190000000000.0,90452.0,1219100.0,0.5939
22-11-2019,TCS,2118.1,2097.0,2107.0,2060.5,2067.1,2071.7,2079.37,3742049.0,778112000000000.0,,2162742.0,0.578
,TCS,2071.7,2074.55,2084.95,2052.2,2083.5,2081.5,2075.63,2737010.0,568102000000000.0,118827.0,1562308.0,0.5708
,TCS,2081.5,,2097.9,2035.05,2046.65,2046.65,2056.29,,,164453.0,4970094.0,0.7575
27-11-2019,TCS,2046.65,2052.0,2071.7,2046.55,2055.0,,2060.49,,599093000000000.0,108988.0,2020463.0,0.6949
28-11-2019,TCS,2054.3,2067.05,,2060.0,2075.9,2077.35,2081.33,2924429.0,608671000000000.0,142488.0,1651510.0,0.5647
29-11-2019,TCS,2077.35,2085.0,2085.0,2045.8,2051.65,2053.25,2055.87,2064271.0,424388000000000.0,105237.0,,0.5818
02-12-2019,TCS,2053.25,2060.0,2067.7,,2021.0,2021.05,,3809860.0,773580000000000.0,159643.0,2540551.0,0.6668
,TCS,2021.05,2027.7,2062.0,2010.0,2052.95,2051.0,2044.01,4664774.0,953485000000000.0,142334.0,2674853.0,0.5734
04-12-2019,TCS,2051.0,2053.0,2082.0,2045.5,,2078.5,2067.16,3334301.0,,108026.0,2056925.0,0.6169
05-12-2019,TCS,2078.5,2083.0,2126.8,2068.35,2120.2,2121.3,2107.54,3902721.0,822515000000000.0,168163.0,2093683.0,0.5365
06-12-2019,TCS,2121.3,2124.0,2128.0,2101.0,2123.65,2123.6,2116.56,,387216000000000.0,71365.0,815426.0,0.4457
09-12-2019,TCS,2123.6,2127.95,2127.95,2053.5,2060.0,2060.45,2079.93,2244747.0,466891000000000.0,100785.0,1047181.0,0.4665
10-12-2019,TCS,2060.45,2060.0,2060.85,2003.25,2016.25,2012.85,2020.99,4520045.0,913497000000000.0,174993.0,2272296.0,0.5027
11-12-2019,TCS,2012.85,2025.4,2048.0,2006.75,,2041.9,2032.84,4943024.0,1004840000000000.0,165464.0,3004311.0,0.6078
,TCS,2041.9,2051.1,2083.65,1984.0,2003.0,2020.9,2039.92,7137306.0,1455950000000000.0,146550.0,4452408.0,0.6238
13-12-2019,TCS,2020.9,2023.0,2077.4,2007.0,2070.0,2071.25,2050.09,5711133.0,1170830000000000.0,173478.0,2245573.0,0.3932
16-12-2019,TCS,2071.25,2096.0,2136.0,2080.3,2130.0,2126.75,,5574177.0,1179920000000000.0,172181.0,2852266.0,0.5117
17-12-2019,TCS,2126.75,2126.5,2169.0,2119.0,2168.7,,2154.7,6059673.0,1305680000000000.0,217425.0,3457795.0,0.5706
18-12-2019,TCS,2164.95,2174.0,2203.45,2153.0,2166.8,2167.75,2182.48,8251081.0,1800780000000000.0,198563.0,4520690.0,0.5479
19-12-2019,TCS,2167.75,2179.8,2236.5,2167.55,2231.7,2229.05,2202.61,6251505.0,1376960000000000.0,181580.0,2570929.0,0.4112
20-12-2019,TCS,2229.05,2220.0,2246.7,2208.25,2219.0,2222.9,2225.89,5548338.0,1235000000000000.0,158986.0,2675704.0,0.4823
23-12-2019,TCS,2222.9,2210.0,2241.95,2210.0,2236.0,2231.7,2229.75,2247329.0,501098000000000.0,113685.0,,0.5202
24-12-2019,TCS,2231.7,2239.0,2243.55,,2216.0,2215.6,2223.0,1805896.0,401450000000000.0,100655.0,892665.0,0.4943
26-12-2019,TCS,2215.6,2216.4,2229.0,,2202.0,2201.95,2207.75,,415137000000000.0,89812.0,832102.0,0.4425
27-12-2019,TCS,2201.95,2208.0,2226.4,2176.0,2209.9,,2192.11,2720261.0,596312000000000.0,93892.0,1285882.0,0.4727
,TCS,2198.5,,2225.0,2177.1,2183.35,2183.2,2194.63,2288830.0,502314000000000.0,84027.0,935920.0,0.4089
31-12-2019,TCS,2183.2,2189.0,2197.0,2157.45,2165.0,2161.7,2171.67,1909289.0,,,837101.0,0.4384
01-01-2020,TCS,2161.7,2168.0,2183.9,2154.0,,2167.6,2170.54,1354908.0,294088000000000.0,,,0.1214
02-01-2020,TCS,2167.6,2179.95,2179.95,2149.2,2157.0,2157.65,2158.63,2380752.0,513916000000000.0,99242.0,1204079.0,0.5058
03-01-2020,TCS,2157.65,2164.0,2223.0,2164.0,2201.0,2200.65,2199.26,4655761.0,1023920000000000.0,123516.0,1833823.0,0.3939
06-01-2020,TCS,2200.65,2205.0,2225.95,2187.9,2201.35,,2204.89,,666586000000000.0,135360.0,1000021.0,0.3308
07-01-2020,TCS,2200.45,2200.5,2214.65,2183.8,2205.0,2205.85,2203.53,2429317.0,535306000000000.0,95018.0,966753.0,
08-01-2020,TCS,2205.85,2205.0,,,2253.35,2255.25,2240.22,5197454.0,,172815.0,,0.4403
09-01-2020,TCS,2255.25,2248.75,2251.95,2210.0,2220.0,2214.35,2223.77,3734173.0,830392000000000.0,134309.0,1805834.0,
10-01-2020,TCS,2214.35,2228.0,2234.0,2208.0,2213.0,2213.55,2219.51,1915807.0,425215000000000.0,102938.0,767417.0,0.4006
13-01-2020,TCS,2213.55,2217.85,2218.95,2184.7,2193.0,2190.35,2197.65,2843893.0,624987000000000.0,113645.0,1486327.0,0.5226
14-01-2020,TCS,2190.35,2195.0,,2195.0,2210.0,2206.9,2212.56,2948452.0,652362000000000.0,132106.0,1276382.0,0.4329
15-01-2020,TCS,2206.9,2213.0,2231.0,,2225.05,2226.9,2212.65,,579864000000000.0,114594.0,1513859.0,
16-01-2020,TCS,2226.9,2226.95,2249.0,2215.0,,2238.8,2235.81,3117214.0,696948000000000.0,113056.0,1736185.0,0.557
17-01-2020,TCS,2238.8,2240.75,2253.55,2213.0,,2219.1,2232.37,3281059.0,732455000000000.0,123528.0,1603410.0,0.4887
20-01-2020,TCS,2219.1,2194.9,,2156.2,2174.0,2170.35,,5817599.0,1269680000000000.0,216725.0,2321286.0,0.399
21-01-2020,TCS,,2169.95,2186.55,2158.05,2172.35,2171.05,,1902980.0,413127000000000.0,115866.0,865491.0,
22-01-2020,TCS,2171.05,2181.0,,2173.7,2209.8,2206.9,2198.89,1773686.0,390014000000000.0,109240.0,782190.0,
23-01-2020,TCS,2206.9,2209.8,,2183.7,2188.0,2190.95,2200.81,2069866.0,455538000000000.0,110107.0,1214278.0,0.5866
24-01-2020,TCS,2190.95,2190.95,2190.95,2170.0,2185.0,2183.4,2179.72,1319430.0,287599000000000.0,55949.0,607438.0,
27-01-2020,TCS,2183.4,2189.7,2193.45,2165.0,2168.3,2169.25,2172.99,1549101.0,,62160.0,771303.0,0.4979
28-01-2020,TCS,2169.25,2174.0,2187.8,2152.0,2183.8,2183.75,2169.48,1743024.0,378145000000000.0,79762.0,906541.0,0.5201
29-01-2020,TCS,2183.75,2185.0,,2150.0,2154.0,2154.6,2164.12,2306761.0,499212000000000.0,88479.0,1307797.0,0.5669
30-01-2020,TCS,2154.6,2160.0,2165.0,2125.0,2134.65,2137.85,2140.26,2098567.0,449149000000000.0,88883.0,,0.5034
31-01-2020,TCS,2137.85,2139.4,2144.35,2071.6,2082.4,2079.05,2098.15,3287223.0,689709000000000.0,131558.0,2194449.0,0.6676
01-02-2020,TCS,2079.05,2079.5,2180.7,2063.6,2167.5,2164.85,,3319716.0,,112061.0,,0.5419
03-02-2020,TCS,2164.85,2152.0,2194.7,2093.2,2110.0,2102.5,2136.37,4728073.0,1010090000000000.0,194574.0,2519349.0,0.5328
,TCS,2102.5,2129.0,2136.7,2086.6,2111.95,2107.75,2111.28,3509339.0,740921000000000.0,130941.0,,0.4472
,TCS,2107.75,,2156.7,2104.3,2147.5,2146.55,2136.16,2439322.0,521079000000000.0,132082.0,1373557.0,0.5631
06-02-2020,TCS,2146.55,2145.0,2174.2,2115.5,2129.45,2128.35,2146.02,2640065.0,566563000000000.0,97158.0,1284341.0,0.4865
,TCS,2128.35,2139.0,2151.0,,2138.0,2136.55,,2083442.0,444067000000000.0,,,
10-02-2020,TCS,2136.55,2140.9,2167.0,,2153.1,,2149.9,2383032.0,512327000000000.0,,,0.5449
11-02-2020,TCS,2161.95,2163.0,2174.8,2147.6,2152.7,2153.4,2157.68,1335820.0,,,606633.0,0.4541
12-02-2020,TCS,2153.4,2151.1,2185.0,2150.0,,2170.75,2173.56,1620407.0,352206000000000.0,98406.0,791500.0,0.4885
13-02-2020,TCS,2170.75,2172.95,2197.0,2171.0,2191.0,2191.95,2186.71,1645948.0,359921000000000.0,73525.0,886163.0,0.5384
14-02-2020,TCS,,2188.0,,2171.0,2183.0,2184.2,2190.86,1500115.0,328655000000000.0,117257.0,662963.0,0.4419
17-02-2020,TCS,2184.2,2196.95,2217.0,,2202.05,,2204.55,1774724.0,391246000000000.0,81968.0,868712.0,0.4895
18-02-2020,TCS,2203.25,2199.95,2221.0,2186.05,2215.0,2215.75,,2486223.0,548979000000000.0,98311.0,1511442.0,0.6079
19-02-2020,TCS,2215.75,2215.75,,2190.5,2194.1,,2209.81,1760463.0,389029000000000.0,77338.0,1061209.0,0.6028
20-02-2020,TCS,2196.35,2204.5,,2151.25,,2156.8,2189.19,2317278.0,507297000000000.0,121407.0,1447215.0,0.6245
24-02-2020,TCS,2156.8,2156.0,2178.95,2106.7,2112.0,2115.35,2152.36,,665698000000000.0,120347.0,,0.605
25-02-2020,TCS,2115.35,2115.5,2176.65,2111.0,2163.0,2156.15,2148.89,2674567.0,574736000000000.0,116295.0,1382198.0,0.5168
26-02-2020,TCS,,2154.0,2163.9,2112.95,2122.0,2123.6,2137.17,2686842.0,574225000000000.0,155115.0,1586103.0,0.5903
27-02-2020,TCS,2123.6,2119.95,2119.95,2086.2,2097.0,2105.5,2101.98,2349001.0,493755000000000.0,112336.0,1244106.0,0.5296
28-02-2020,TCS,2105.5,2068.0,,1990.0,2010.0,2000.15,,,,229475.0,2304792.0,0.5362
02-03-2020,TCS,2000.15,2035.0,2053.95,1985.7,2000.0,,2035.99,2667076.0,543013000000000.0,118184.0,,0.4664
03-03-2020,TCS,2001.3,2020.0,2060.0,2012.0,,2036.2,2033.79,2757585.0,560834000000000.0,139234.0,1397749.0,0.5069
04-03-2020,TCS,2036.2,2056.0,2094.45,2025.0,2082.1,2083.2,2059.4,3237002.0,666628000000000.0,131156.0,1497508.0,0.4626
05-03-2020,TCS,2083.2,2085.7,2147.75,2084.05,,2125.05,2121.54,3937056.0,835262000000000.0,193693.0,2287407.0,0.581
06-03-2020,TCS,2125.05,2098.0,2123.65,,2115.4,2116.45,2097.98,2595027.0,544431000000000.0,130651.0,1250756.0,0.482
09-03-2020,TCS,2116.45,2075.0,2079.9,1935.0,1981.0,1972.35,1989.28,4940982.0,982901000000000.0,227592.0,2739821.0,0.5545
11-03-2020,TCS,1972.35,1933.0,1987.3,1920.0,,1953.7,1959.39,6796752.0,1331750000000000.0,213057.0,4563612.0,
12-03-2020,TCS,1953.7,1904.0,1908.4,1758.35,1772.9,1769.85,1815.1,8728972.0,1584400000000000.0,252037.0,5822556.0,0.667
13-03-2020,TCS,1769.85,1687.9,1820.0,1506.05,1820.0,,1736.57,8029725.0,1394420000000000.0,280631.0,4008094.0,0.4992
16-03-2020,TCS,1806.3,1755.0,1842.25,1675.85,1684.5,1696.4,1760.08,7844420.0,1380680000000000.0,380004.0,4974137.0,0.6341
17-03-2020,TCS,1696.4,1730.0,1731.0,,1632.0,1658.0,1687.98,5713269.0,964391000000000.0,224133.0,3892439.0,0.6813
,TCS,,1676.8,1713.55,1627.75,1670.0,1654.4,1667.41,7259111.0,1210390000000000.0,276794.0,4565294.0,0.6289
19-03-2020,TCS,1654.4,1559.7,1685.45,1546.75,1636.0,1636.35,1622.31,5135162.0,833084000000000.0,248319.0,2515229.0,0.4898
20-03-2020,TCS,1636.35,1630.0,1869.0,1627.0,1792.95,1797.45,1787.53,8547645.0,1527910000000000.0,361688.0,3868118.0,0.4525
23-03-2020,TCS,1797.45,1620.0,,1617.75,1631.0,1669.7,1687.63,7003558.0,1181940000000000.0,190709.0,4237215.0,0.605
,TCS,1669.7,1653.05,1770.0,1632.85,1699.95,1703.15,,6354209.0,1090980000000000.0,309791.0,3520631.0,0.5541
25-03-2020,TCS,1703.15,1700.0,1810.0,1680.0,1732.0,1750.3,1735.21,2765527.0,479877000000000.0,200205.0,1152908.0,
26-03-2020,TCS,1750.3,1831.6,1832.05,1722.55,1785.0,1790.95,1783.59,4556071.0,812617000000000.0,251428.0,2650292.0,0.5817
27-03-2020,TCS,1790.95,1820.0,1850.0,1750.4,1850.0,1824.5,1796.8,4331310.0,778251000000000.0,217336.0,2319309.0,0.5355
30-03-2020,TCS,1824.5,,1905.0,1763.55,1781.7,1778.5,,8513608.0,1543910000000000.0,277606.0,5214886.0,0.6125
31-03-2020,TCS,1778.5,1837.4,1855.0,1780.0,,1826.1,1824.45,3927593.0,716571000000000.0,190774.0,1752624.0,0.4462
01-04-2020,TCS,1826.1,1825.9,1834.75,,1714.0,1708.75,1763.66,,871581000000000.0,221364.0,2619484.0,0.5301
03-04-2020,TCS,1708.75,1740.0,1740.0,1650.0,1659.0,1654.2,1688.3,5735529.0,968332000000000.0,244588.0,2453808.0,0.4278
07-04-2020,TCS,1654.2,1710.0,1785.85,1705.0,1765.85,1775.2,1747.2,5427965.0,,232534.0,3020094.0,0.5564
08-04-2020,TCS,1775.2,1760.0,1806.0,1701.0,1708.0,1705.45,1736.76,,1091660000000000.0,276600.0,2533692.0,0.4031
09-04-2020,TCS,1705.45,1750.45,1778.8,1731.2,1761.0,1766.15,1759.13,5307649.0,933687000000000.0,184889.0,2682616.0,0.5054
13-04-2020,TCS,1766.15,,1787.0,,1761.6,1759.25,1761.05,2990478.0,526638000000000.0,,1242289.0,0.4154
15-04-2020,TCS,1759.25,1785.0,1812.0,1727.8,1735.0,,1774.09,,844718000000000.0,196087.0,2136320.0,0.4487
,TCS,1735.15,1709.95,1764.9,1675.05,1720.5,1716.05,,6245583.0,1074580000000000.0,284814.0,2110034.0,0.3378
17-04-2020,TCS,1716.05,1800.0,1851.95,1753.0,1810.0,1806.2,,9895825.0,1796400000000000.0,363192.0,3217550.0,0.3251
20-04-2020,TCS,1806.2,1830.0,1830.0,1802.5,1818.6,1818.65,1815.63,3244293.0,589044000000000.0,136285.0,,0.4339
21-04-2020,TCS,1818.65,1765.0,1794.6,1727.7,,1737.65,1749.84,5122606.0,896374000000000.0,190349.0,2457408.0,0.4797
22-04-2020,TCS,1737.65,1737.65,1790.0,1719.15,,1769.5,1754.72,3829839.0,672028000000000.0,180947.0,1518445.0,0.3965
23-04-2020,TCS,,1780.0,1900.0,1760.85,,1878.25,1844.03,,1094320000000000.0,257398.0,2087199.0,0.3517
,TCS,1878.25,1840.7,1851.95,1807.8,1821.0,1818.55,1825.54,2987150.0,545317000000000.0,142967.0,1103567.0,0.3694
27-04-2020,TCS,1818.55,1832.3,1875.0,1825.0,1834.0,1836.6,1853.6,3374747.0,625542000000000.0,140822.0,1333349.0,0.3951
28-04-2020,TCS,1836.6,1865.0,1868.0,1832.6,1865.0,1859.05,1851.06,2678512.0,495810000000000.0,117278.0,1119539.0,0.418
29-04-2020,TCS,1859.05,1874.0,1912.55,1850.05,,1905.65,1882.9,4241579.0,798649000000000.0,158389.0,1705279.0,0.402
30-04-2020,TCS,1905.65,1980.0,2032.0,1942.2,2019.55,2014.45,,5915950.0,1176970000000000.0,241064.0,2636626.0,0.4457
04-05-2020,TCS,2014.45,1966.0,1966.0,1913.65,1930.5,,1939.3,3729409.0,723244000000000.0,165528.0,1752041.0,
,TCS,1930.45,1955.1,1977.0,1927.0,1932.75,1932.75,1952.86,2905541.0,567412000000000.0,147469.0,1095381.0,0.377
06-05-2020,TCS,1932.75,1939.8,,1893.6,1908.5,1903.6,1920.77,3517432.0,675618000000000.0,172517.0,1154410.0,0.3282
07-05-2020,TCS,1903.6,1910.0,1934.45,1883.35,1895.95,1891.65,1909.43,3166784.0,604677000000000.0,154795.0,941078.0,0.2972
08-05-2020,TCS,1891.65,1939.1,1939.5,1886.25,1897.0,1893.4,1902.14,2686536.0,511017000000000.0,122431.0,858746.0,0.3196
11-05-2020,TCS,1893.4,1909.0,1951.4,1909.0,1936.0,1935.3,1939.47,2449846.0,,120116.0,738177.0,0.3013
12-05-2020,TCS,1935.3,1933.4,1956.5,1910.25,1948.0,,,3256630.0,632187000000000.0,177881.0,992103.0,0.3046
13-05-2020,TCS,1949.5,,1994.0,1925.65,1944.5,1949.65,1946.67,2656665.0,517165000000000.0,127103.0,938030.0,0.3531
14-05-2020,TCS,1949.65,1910.0,1923.1,1891.1,1902.0,1902.35,1905.48,2263204.0,431248000000000.0,111897.0,931246.0,0.4115
15-05-2020,TCS,1902.35,1916.0,1917.4,1865.2,1903.0,1892.9,1884.25,3173682.0,598000000000000.0,157447.0,1312065.0,0.4134
18-05-2020,TCS,1892.9,1907.0,1952.95,1872.1,1940.05,1945.6,1921.1,3727896.0,716167000000000.0,158352.0,1140903.0,0.306
19-05-2020,TCS,1945.6,1903.0,1966.45,1903.0,1948.1,1948.65,1945.9,3198699.0,,148060.0,1142215.0,0.3571
,TCS,1948.65,1950.0,1962.9,1931.7,1953.55,1953.6,1946.92,2778505.0,540951000000000.0,130438.0,1398276.0,0.5032
21-05-2020,TCS,1953.6,1946.0,1998.0,1941.15,1990.1,1991.2,1977.64,3400925.0,672580000000000.0,125723.0,1818084.0,0.5346
22-05-2020,TCS,1991.2,1977.1,2032.0,1961.25,2015.15,2020.35,,3663422.0,734559000000000.0,129277.0,1423498.0,0.3886
26-05-2020,TCS,2020.35,2015.0,,1925.0,1948.95,1943.0,1969.21,4575512.0,901014000000000.0,170636.0,2223882.0,
27-05-2020,TCS,1943.0,1959.0,2010.0,1941.25,2008.0,2005.3,1975.64,3482185.0,687954000000000.0,131846.0,,0.3373
28-05-2020,TCS,2005.3,1988.5,2014.0,1971.3,2006.25,2004.3,1988.53,3475788.0,691172000000000.0,149827.0,1346787.0,0.3875
29-05-2020,TCS,2004.3,1982.0,2002.65,1962.4,1980.9,1972.35,1977.79,,1431480000000000.0,180576.0,4581484.0,0.633
01-06-2020,TCS,,1990.0,2060.0,1981.1,2038.0,2045.25,2033.41,3747850.0,762091000000000.0,146513.0,1266772.0,0.338
,TCS,2045.25,2060.2,2081.0,2040.05,2049.95,2047.15,2057.96,2443886.0,502941000000000.0,116685.0,897807.0,0.3674
03-06-2020,TCS,2047.15,,2063.75,2020.0,2048.0,2046.15,2038.22,3699799.0,754099000000000.0,154423.0,1958989.0,0.5295
04-06-2020,TCS,2046.15,2046.75,2100.0,2046.75,2094.95,2091.55,,4048593.0,840414000000000.0,147400.0,1525655.0,0.3768
05-06-2020,TCS,2091.55,2091.6,2098.0,2040.3,2053.0,2048.25,2054.59,3573299.0,734166000000000.0,143792.0,1171097.0,0.3277
08-06-2020,TCS,2048.25,2078.25,2095.0,2062.1,2070.0,2071.75,2078.75,2957841.0,614861000000000.0,108037.0,918772.0,0.3106
09-06-2020,TCS,2071.75,2063.1,2095.5,2060.25,2075.0,2072.05,2079.22,2910152.0,605085000000000.0,150567.0,1285171.0,0.4416
10-06-2020,TCS,2072.05,2077.05,2132.0,2073.5,2109.0,2108.75,,5168494.0,1089790000000000.0,187675.0,1657664.0,0.3207
,TCS,2108.75,2100.0,2105.0,,2069.0,2067.65,2077.3,2269569.0,471459000000000.0,,687131.0,0.3028
,TCS,2067.65,2011.2,,2011.0,,2039.5,2026.47,2842757.0,576078000000000.0,130558.0,1139648.0,0.4009
15-06-2020,TCS,2039.5,2039.1,2059.0,2000.95,2036.2,2029.9,2027.78,2399028.0,,97163.0,621670.0,
16-06-2020,TCS,2029.9,,2073.95,,2041.8,2045.8,2051.87,2146528.0,440439000000000.0,89213.0,753988.0,
,TCS,,2046.0,2058.85,2026.55,2048.0,,2042.73,2703546.0,,,1286034.0,0.4757
18-06-2020,TCS,2047.8,2045.0,2059.2,2025.2,2036.2,2038.1,2039.63,1944471.0,396601000000000.0,77874.0,,0.3216
19-06-2020,TCS,,2042.0,2090.0,2032.0,2043.65,2044.6,2050.29,5681784.0,1164930000000000.0,152183.0,3384227.0,0.5956
22-06-2020,TCS,2044.6,2050.0,2052.25,2019.15,2032.0,2027.95,2033.74,3196138.0,650012000000000.0,109018.0,,0.4325
23-06-2020,TCS,2027.95,2027.0,2044.0,2010.0,2039.0,2035.3,2027.43,4206122.0,852762000000000.0,136481.0,,0.5069
24-06-2020,TCS,2035.3,,2064.25,2031.6,2042.0,,2052.03,2560951.0,525514000000000.0,,907215.0,0.3542
25-06-2020,TCS,2042.2,,2060.0,2009.25,2015.4,2016.1,,3044089.0,618943000000000.0,127554.0,1367041.0,0.4491
,TCS,2016.1,2025.0,2132.0,2019.95,2115.2,2118.85,2095.55,6300912.0,1320390000000000.0,237429.0,1985173.0,0.3151
29-06-2020,TCS,2118.85,2108.0,2127.6,2091.3,2103.45,2101.65,2104.79,3076344.0,,109993.0,1159263.0,0.3768
,TCS,2101.65,2100.0,,2075.05,2085.05,2082.15,2091.7,,642546000000000.0,121691.0,1277270.0,0.4158
01-07-2020,TCS,2082.15,2079.7,,2079.5,2095.0,2092.05,2100.06,2503466.0,525744000000000.0,103067.0,829392.0,0.3313
,TCS,2092.05,2102.0,2165.0,2098.0,2159.0,2157.15,,3758709.0,805787000000000.0,140145.0,,0.3762
03-07-2020,TCS,2157.15,2163.65,2205.0,2160.25,2195.0,2199.65,2188.8,4185215.0,916058000000000.0,130448.0,1461405.0,0.3492
06-07-2020,TCS,2199.65,2205.0,2269.9,,2261.0,2263.2,2247.63,5190366.0,1166600000000000.0,161168.0,2379673.0,0.4585
07-07-2020,TCS,2263.2,2275.0,2302.7,2232.15,,,,,1274610000000000.0,206374.0,1863660.0,0.331
08-07-2020,TCS,2269.9,2270.0,2274.4,2207.6,2219.0,2218.9,2240.93,2793674.0,626043000000000.0,130484.0,1098745.0,0.3933
09-07-2020,TCS,2218.9,2229.0,2244.5,2191.05,2212.5,2204.35,2209.06,3443998.0,760801000000000.0,133367.0,846325.0,0.2457
10-07-2020,TCS,2204.35,2205.25,,2176.0,2221.1,2222.35,2210.93,,2124770000000000.0,292369.0,1433298.0,0.1491
13-07-2020,TCS,2222.35,2220.0,2244.95,2210.0,2222.25,,2225.83,2963525.0,659630000000000.0,100495.0,938363.0,0.3166
14-07-2020,TCS,2220.0,2210.0,2239.0,2165.0,2175.0,2171.95,2199.6,2976749.0,654767000000000.0,117480.0,1212619.0,
15-07-2020,TCS,2171.95,2185.0,2260.0,2181.1,2231.1,2233.9,2228.76,5569322.0,1241270000000000.0,201144.0,1964036.0,0.3527
16-07-2020,TCS,2233.9,2244.0,2333.0,2220.1,2233.0,2234.75,2275.23,8582120.0,1952630000000000.0,279321.0,,0.3646
17-07-2020,TCS,2234.75,2237.0,2243.9,2190.05,2207.9,2200.75,2204.05,4509143.0,993836000000000.0,183317.0,1875874.0,0.416
20-07-2020,TCS,2200.75,2201.0,2226.9,2190.8,2214.0,2207.9,2205.5,2952719.0,651222000000000.0,99805.0,901482.0,0.3053
21-07-2020,TCS,2207.9,2230.0,2238.65,,2224.55,2225.05,2220.42,2665386.0,591828000000000.0,128640.0,1177304.0,0.4417
22-07-2020,TCS,,2231.0,2231.0,2184.2,2190.0,2190.95,2199.54,2861698.0,629442000000000.0,108851.0,,0.5389
,TCS,2190.95,2190.95,2190.95,2163.0,2174.2,2171.2,2175.33,2265791.0,492884000000000.0,100469.0,1015290.0,0.4481
24-07-2020,TCS,2171.2,,2163.0,2125.1,2158.8,2157.4,2143.7,3665123.0,,154927.0,1392828.0,0.38
,TCS,2157.4,2165.0,,2163.5,2205.0,2206.8,2196.82,,933392000000000.0,185606.0,1148531.0,0.2703
28-07-2020,TCS,2206.8,2215.0,2320.0,2215.0,2310.2,2309.75,,8092458.0,1839630000000000.0,261902.0,3170172.0,0.3917
29-07-2020,TCS,2309.75,2292.0,2342.0,2246.05,2279.0,,2291.87,6090440.0,1395850000000000.0,231420.0,1364265.0,0.224
,TCS,2276.05,,2358.0,2272.25,2281.0,2279.5,2315.35,7098913.0,1643650000000000.0,,1819696.0,0.2563
31-07-2020,TCS,2279.5,2303.15,2334.8,,2290.45,2281.4,2295.95,4723290.0,1084450000000000.0,183229.0,877006.0,0.1857
03-08-2020,TCS,2281.4,,2303.85,,2249.0,2254.15,2255.66,4012445.0,905070000000000.0,124563.0,1886262.0,0.4701
04-08-2020,TCS,2254.15,2259.95,2269.65,2225.05,2249.95,2249.7,2248.0,2927953.0,658204000000000.0,113209.0,1048510.0,0.3581
05-08-2020,TCS,2249.7,2260.0,,2253.0,2259.0,2259.5,2270.76,,863035000000000.0,140871.0,1096392.0,0.2885
06-08-2020,TCS,2259.5,2275.0,2319.5,2265.35,2309.85,,2300.33,4748348.0,1092280000000000.0,179033.0,1406212.0,0.2961
07-08-2020,TCS,2308.1,2308.0,2328.0,2287.0,2295.0,2295.35,,3165495.0,,98547.0,1385964.0,0.4378
10-08-2020,TCS,2295.35,2318.0,2325.0,2276.05,2283.0,2282.8,2301.82,2929385.0,674291000000000.0,83569.0,1206424.0,0.4118
11-08-2020,TCS,2282.8,2283.0,2312.0,2275.6,,2279.9,2290.19,2774509.0,635416000000000.0,91227.0,,0.4289
12-08-2020,TCS,2279.9,2288.35,2296.4,2246.55,2262.0,2257.35,2265.65,3415766.0,773893000000000.0,,1350702.0,0.3954
13-08-2020,TCS,2257.35,,2300.0,2250.5,2260.0,2254.45,2270.22,2695682.0,,105012.0,973637.0,
14-08-2020,TCS,2254.45,2277.0,2281.3,2233.1,2243.85,2242.15,2256.4,2270405.0,512295000000000.0,95783.0,1016058.0,0.4475
17-08-2020,TCS,2242.15,2263.0,2270.0,2238.25,2260.5,2253.4,2253.53,2625670.0,591702000000000.0,78270.0,1077702.0,0.4104
18-08-2020,TCS,2253.4,2262.8,2289.0,2248.3,2269.8,2269.75,2269.85,3493411.0,792951000000000.0,123985.0,1312308.0,0.3757
19-08-2020,TCS,2269.75,2276.35,,2252.5,2260.0,2256.6,2264.81,2843007.0,643887000000000.0,87911.0,1316273.0,0.463
20-08-2020,TCS,2256.6,2257.0,2276.55,2240.05,2249.0,2252.85,2255.13,2895265.0,652921000000000.0,97538.0,1181770.0,0.4082
21-08-2020,TCS,2252.85,2260.0,2271.0,2241.05,2249.75,2248.6,2252.12,1975304.0,444862000000000.0,76072.0,700157.0,0.3545
24-08-2020,TCS,2248.6,2250.6,2259.95,2230.0,2250.25,2248.1,2245.05,2167987.0,486724000000000.0,70491.0,745803.0,0.344
25-08-2020,TCS,2248.1,2245.0,2250.0,2233.55,2242.0,2242.65,2242.51,1663454.0,373030000000000.0,65398.0,636403.0,
26-08-2020,TCS,2242.65,2242.0,2259.9,2216.45,2257.0,2253.5,2237.68,2618159.0,585859000000000.0,100248.0,954842.0,0.3647
27-08-2020,TCS,2253.5,2266.0,2287.35,2241.75,2250.0,2248.4,2265.38,3579397.0,810869000000000.0,113510.0,1234036.0,0.3448
28-08-2020,TCS,2248.4,2268.4,,2235.1,2238.25,2238.55,2248.99,2941156.0,661462000000000.0,100143.0,,0.4623
31-08-2020,TCS,,,2276.2,,2245.95,2257.25,2252.44,,1355550000000000.0,182980.0,2955109.0,0.491
01-09-2020,TCS,2257.25,2269.0,2278.0,2241.3,2250.0,2246.35,2258.27,3610908.0,815440000000000.0,122003.0,1581545.0,0.438
02-09-2020,TCS,2246.35,2247.0,2268.75,2241.65,2263.75,2265.15,2257.34,2084152.0,470464000000000.0,89121.0,1004535.0,0.482
03-09-2020,TCS,2265.15,2268.0,2324.0,,2299.0,,2301.29,4654146.0,1071050000000000.0,170993.0,1233359.0,0.265
04-09-2020,TCS,2299.5,2275.0,2324.25,2262.95,2297.65,2288.8,2295.35,5232180.0,1200970000000000.0,177219.0,2085700.0,0.3986
07-09-2020,TCS,,2289.0,2343.5,2283.35,2330.0,2327.05,2319.63,4620416.0,1071770000000000.0,157714.0,1077421.0,
08-09-2020,TCS,,2335.95,2390.45,2327.05,2343.95,2348.2,,7454161.0,1763540000000000.0,233593.0,1535823.0,0.206
09-09-2020,TCS,2348.2,2325.0,2359.0,2320.0,2322.0,2327.65,2336.59,3866542.0,903453000000000.0,114778.0,1379634.0,0.3568
10-09-2020,TCS,2327.65,2335.0,2348.5,2324.3,2329.1,2331.15,2334.85,2308813.0,539073000000000.0,,860606.0,
11-09-2020,TCS,,2330.95,2383.0,2330.15,2370.3,2374.1,2367.47,4145429.0,981418000000000.0,161900.0,1407826.0,
14-09-2020,TCS,2374.1,2384.1,,2381.85,,,2447.42,7512284.0,1838570000000000.0,259748.0,2210359.0,
15-09-2020,TCS,2491.4,2491.4,2538.0,2464.6,2489.0,2491.4,,7318773.0,1831740000000000.0,229851.0,1906819.0,0.2605
16-09-2020,TCS,2491.4,,2507.6,2477.3,2502.0,2503.0,2492.52,3074013.0,766205000000000.0,126981.0,1151748.0,
17-09-2020,TCS,2503.0,2480.0,2495.75,2450.6,2466.05,,2473.58,4828231.0,1194300000000000.0,162667.0,2534877.0,0.525
18-09-2020,TCS,2460.95,,2500.4,2436.4,2457.5,2449.9,,4183256.0,,132358.0,2251126.0,0.5381
,TCS,2449.9,2465.0,2504.9,2452.15,2467.0,2465.3,2484.95,4598809.0,1142780000000000.0,182859.0,1287735.0,0.28
22-09-2020,TCS,2465.3,2485.0,2555.0,2458.0,2527.0,2522.95,2513.02,,1884750000000000.0,227930.0,1600955.0,0.2135
23-09-2020,TCS,2522.95,2510.0,2519.85,2409.0,2461.05,2467.45,,7503152.0,1850790000000000.0,255912.0,,0.292
24-09-2020,TCS,2467.45,2450.0,2450.0,,2332.9,2332.25,2355.03,,1984140000000000.0,304819.0,2896527.0,0.3438
25-09-2020,TCS,2332.25,2368.0,2440.0,2352.1,2417.75,2422.3,2412.24,8228297.0,1984860000000000.0,267956.0,1785457.0,0.217
28-09-2020,TCS,2422.3,2440.0,2444.0,2366.0,2429.0,,2403.73,4347177.0,1044950000000000.0,173323.0,836214.0,0.1924
29-09-2020,TCS,2426.3,2434.85,2511.05,2426.3,2486.75,2488.4,2489.18,,1741380000000000.0,235653.0,1430697.0,0.2045
30-09-2020,TCS,2488.4,2489.0,2505.0,2460.0,2483.0,2492.3,2485.2,3917186.0,973499000000000.0,133456.0,1499169.0,0.3827
01-10-2020,TCS,2492.3,2510.0,2540.0,2492.3,2540.0,2523.45,2508.29,2610338.0,654748000000000.0,103469.0,747931.0,0.2865
,TCS,2523.45,2620.0,2728.1,2603.05,2713.95,2705.8,2670.27,17412119.0,4649510000000000.0,495784.0,2477947.0,0.1423
06-10-2020,TCS,2705.8,2736.0,2736.0,,,2714.3,2688.29,9846376.0,2646990000000000.0,308149.0,1890863.0,0.192
07-10-2020,TCS,2714.3,2742.0,2770.0,2703.0,2752.8,2735.95,2728.88,9656167.0,2635060000000000.0,306556.0,2543041.0,0.2634
08-10-2020,TCS,2735.95,,2885.0,,2818.45,,2855.52,19839826.0,5665310000000000.0,542541.0,2925398.0,0.1475
09-10-2020,TCS,2825.7,2810.0,,2780.0,2811.0,2812.95,2804.8,7739375.0,2170740000000000.0,239979.0,2016789.0,
12-10-2020,TCS,2812.95,2815.5,2854.0,2800.75,2826.15,2830.0,2832.22,4623211.0,1309390000000000.0,164934.0,1359019.0,0.294
13-10-2020,TCS,2830.0,2845.0,2854.9,,2830.5,2826.55,2834.44,,1193270000000000.0,156554.0,1335928.0,0.3173
14-10-2020,TCS,2826.55,2842.0,2842.0,2787.55,2810.0,2809.6,2808.82,4395979.0,1234750000000000.0,,1813426.0,0.4125
15-10-2020,TCS,2809.6,2811.0,2827.75,2727.0,,2740.6,2757.66,6629395.0,1828160000000000.0,190209.0,,0.4601
,TCS,2740.6,2750.1,2771.65,2731.3,2757.0,,2756.34,5273773.0,1453630000000000.0,111405.0,2268743.0,0.4302
19-10-2020,TCS,2763.3,2774.0,2774.0,2706.6,2714.8,2711.55,2723.63,3331194.0,907295000000000.0,151449.0,1370233.0,0.4113
20-10-2020,TCS,2711.55,2725.0,,2717.95,2739.0,,2743.85,3406298.0,934638000000000.0,137012.0,1402392.0,0.4117
21-10-2020,TCS,2739.0,2739.0,2749.0,2663.05,2678.0,2675.4,2700.88,4570175.0,1234350000000000.0,207866.0,2385821.0,0.522
22-10-2020,TCS,2675.4,2661.0,2686.65,2638.1,2672.9,2671.15,2664.97,5262311.0,1402390000000000.0,167510.0,2554936.0,0.4855
23-10-2020,TCS,2671.15,,2702.0,2670.1,2687.0,2686.8,2687.39,3499372.0,940418000000000.0,,1911506.0,0.5462
,TCS,2686.8,2689.95,,2670.5,,2688.2,2694.09,2672766.0,720067000000000.0,101255.0,908018.0,0.3397
27-10-2020,TCS,2688.2,2699.75,2718.15,2624.1,2634.8,2630.15,2654.79,3537594.0,,172659.0,1597439.0,0.4516
28-10-2020,TCS,2630.15,2650.0,,2606.0,2619.5,,,3569515.0,937229000000000.0,143177.0,1548301.0,0.4338
29-10-2020,TCS,2622.2,2608.0,2655.0,2600.25,2632.1,2632.65,2634.88,3105970.0,,121416.0,1069258.0,
,TCS,2632.65,2636.1,2674.35,2621.6,2663.55,2664.85,2654.92,3427003.0,909842000000000.0,120277.0,1334806.0,0.3895
02-11-2020,TCS,2664.85,2660.0,,2600.05,,2604.6,2618.15,2571196.0,673178000000000.0,117447.0,1137130.0,0.4423
03-11-2020,TCS,2604.6,2604.0,2665.0,2601.05,2629.0,2633.6,2635.01,2879269.0,758691000000000.0,117355.0,1034396.0,0.3593
04-11-2020,TCS,2633.6,2610.0,2721.85,2610.0,2656.0,2653.15,,4893928.0,1313310000000000.0,210543.0,1515071.0,0.3096
05-11-2020,TCS,2653.15,,2710.0,2667.0,2688.0,2685.7,2688.19,2816502.0,757130000000000.0,119199.0,940632.0,
06-11-2020,TCS,2685.7,2699.0,2713.25,2681.3,2711.0,2707.45,,3884421.0,1048540000000000.0,132771.0,2078180.0,0.535
09-11-2020,TCS,2707.45,,2744.0,,2726.0,2726.6,,3646592.0,,162134.0,1305417.0,0.358
10-11-2020,TCS,2726.6,2697.2,2713.15,,,2649.6,2663.45,4760020.0,1267810000000000.0,240272.0,1871537.0,0.3932
11-11-2020,TCS,2649.6,2667.95,2692.8,2643.4,,,2669.85,3242441.0,865683000000000.0,168899.0,1292728.0,0.3987
12-11-2020,TCS,2687.8,2686.0,2713.0,2661.75,2674.75,2671.05,2679.78,2437505.0,653199000000000.0,100997.0,1134593.0,0.4655
13-11-2020,TCS,2671.05,,2664.9,2636.0,2661.2,,2650.87,2548093.0,675466000000000.0,,1218667.0,0.4783
14-11-2020,TCS,2656.85,2677.95,2689.0,,2673.25,2670.35,2669.67,298819.0,,20530.0,127612.0,0.4271
17-11-2020,TCS,2670.35,2695.0,2695.0,,2661.25,2666.05,2670.8,2827273.0,755107000000000.0,134996.0,1460105.0,0.5164
18-11-2020,TCS,2666.05,2661.0,2664.2,2607.05,2626.0,2626.65,2625.58,2893762.0,759779000000000.0,136273.0,1405121.0,0.4856
19-11-2020,TCS,,2637.0,2676.15,2630.85,2640.25,2636.9,2648.32,4167501.0,1103690000000000.0,178640.0,1916634.0,0.4599
20-11-2020,TCS,2636.9,2655.0,2676.0,2627.55,2657.8,2660.25,2657.32,2711471.0,720524000000000.0,118196.0,,0.391
23-11-2020,TCS,,2690.0,2730.0,2665.0,,2724.25,2706.23,,1003040000000000.0,150378.0,1534732.0,0.4141
24-11-2020,TCS,2724.25,2734.4,2743.0,2705.0,2726.0,2722.05,2724.87,,850299000000000.0,148092.0,1269435.0,0.4068
25-11-2020,TCS,2722.05,2729.0,2732.95,2688.2,2700.0,2701.3,2707.81,,894187000000000.0,163422.0,1804711.0,0.5465
26-11-2020,TCS,2701.3,2686.0,2730.95,,2730.0,2720.6,2703.16,2341099.0,632837000000000.0,103635.0,1019732.0,0.4356
27-11-2020,TCS,2720.6,2705.0,2717.7,2669.05,2678.0,2679.65,2684.61,6086808.0,1634070000000000.0,168842.0,3377042.0,0.5548
01-12-2020,TCS,2679.65,2679.0,2735.9,2624.45,2729.0,2726.8,2695.43,3605017.0,971708000000000.0,,1876311.0,0.5205
02-12-2020,TCS,2726.8,2719.0,2754.7,2702.45,2745.5,2749.55,2727.49,2509032.0,684335000000000.0,106756.0,1153028.0,0.4596
03-12-2020,TCS,2749.55,2773.9,2773.9,,,2709.45,,2852548.0,778381000000000.0,121400.0,1596838.0,0.5598
04-12-2020,TCS,2709.45,,2738.85,2699.0,2723.0,2727.55,2722.95,2686527.0,731529000000000.0,121585.0,1180784.0,0.4395
07-12-2020,TCS,2727.55,2715.0,2744.0,2706.15,2741.0,2737.7,2721.02,1996400.0,543225000000000.0,,992587.0,
08-12-2020,TCS,2737.7,2740.0,2805.55,2732.45,2795.0,2797.3,2771.25,4277818.0,1185490000000000.0,,2085610.0,0.4875
09-12-2020,TCS,,2815.0,2840.0,2793.15,,2810.8,2817.31,3659996.0,1031140000000000.0,,1167517.0,
10-12-2020,TCS,2810.8,,2827.3,2780.25,2784.8,2784.3,2794.17,2127801.0,594544000000000.0,106653.0,1009035.0,0.4742
11-12-2020,TCS,2784.3,2792.7,2807.7,2764.55,2782.0,2783.6,2789.22,1795408.0,500778000000000.0,90719.0,,0.4514
14-12-2020,TCS,2783.6,2802.0,2804.0,2756.25,2796.55,2797.7,2787.4,2483658.0,692295000000000.0,112781.0,1487586.0,0.5989
15-12-2020,TCS,,2786.0,2794.7,2755.0,2763.95,2761.55,2768.65,2365509.0,654927000000000.0,152067.0,1252080.0,0.5293
16-12-2020,TCS,2761.55,2779.0,2819.8,2760.45,,2814.2,2792.39,2565149.0,716289000000000.0,109504.0,1358603.0,0.5296
17-12-2020,TCS,2814.2,,2853.7,2805.0,2848.7,2838.2,2823.94,2863460.0,808624000000000.0,121983.0,1423130.0,0.497
18-12-2020,TCS,,2868.0,2898.0,2846.2,2851.95,2861.0,2873.74,6076692.0,1746280000000000.0,178840.0,2436219.0,0.4009
21-12-2020,TCS,2861.0,2861.0,2886.5,2785.0,2810.0,2820.15,,2705195.0,771848000000000.0,141821.0,887083.0,0.3279
22-12-2020,TCS,2820.15,2834.0,2883.65,2818.65,2870.65,2872.5,2848.13,2881737.0,820757000000000.0,158517.0,1123581.0,
23-12-2020,TCS,2872.5,2876.05,2919.0,,2907.15,2908.75,2904.67,2790988.0,810691000000000.0,125341.0,947547.0,0.3395
24-12-2020,TCS,2908.75,2909.0,2921.35,2883.2,2908.95,2909.35,,1807144.0,524589000000000.0,76405.0,569310.0,0.315
28-12-2020,TCS,2909.35,2910.0,2949.7,2902.0,2932.1,2929.4,2929.11,2108994.0,617747000000000.0,106481.0,717415.0,0.3402
29-12-2020,TCS,,,2952.0,2920.0,2935.0,2930.5,2937.59,1994151.0,585800000000000.0,99597.0,,0.4645
,TCS,2930.5,2934.4,2947.7,,2910.0,2909.3,2918.0,,769760000000000.0,,1441442.0,0.5464
31-12-2020,TCS,2909.3,2900.0,2905.0,,2864.95,,2874.36,4040956.0,1161520000000000.0,130170.0,2350220.0,0.5816
01-01-2021,TCS,2862.75,2880.0,2940.0,2879.0,2932.0,2928.25,2913.52,2681440.0,781244000000000.0,88216.0,,0.188
04-01-2021,TCS,2928.25,2950.0,3050.75,2940.95,,3039.45,2998.15,,1533040000000000.0,,1182335.0,0.2312
05-01-2021,TCS,3039.45,,3114.25,3039.6,,3093.0,3084.07,5801309.0,1789160000000000.0,202735.0,1554550.0,0.268
06-01-2021,TCS,3093.0,,3113.5,3037.2,3053.0,3051.5,3078.56,3726716.0,1147290000000000.0,172084.0,1054841.0,0.283
07-01-2021,TCS,3051.5,3075.0,3080.85,3000.25,3048.65,3032.8,3028.74,3717827.0,1126030000000000.0,,1490971.0,0.401
08-01-2021,TCS,3032.8,3090.0,3128.0,3060.0,3122.75,3120.9,3100.97,5879039.0,1823070000000000.0,214010.0,1754802.0,0.2985
11-01-2021,TCS,3120.9,3230.0,3230.0,3146.55,3170.45,3176.45,3174.16,9508039.0,,294091.0,3153741.0,0.3317
12-01-2021,TCS,3176.45,3176.45,3210.0,3150.0,3172.0,3174.85,3187.07,3611458.0,1151000000000000.0,,1656842.0,0.4588
13-01-2021,TCS,3174.85,3175.0,,3126.25,3158.0,3158.95,3147.46,3572801.0,,189690.0,1857249.0,0.5198
14-01-2021,TCS,3158.95,,3266.5,3120.4,3244.35,3250.7,3207.17,6931542.0,2223060000000000.0,276953.0,3067056.0,0.4425
15-01-2021,TCS,3250.7,3235.0,3274.0,3210.0,3229.95,3233.35,3240.98,4131692.0,1339070000000000.0,193972.0,,0.4742
18-01-2021,TCS,3233.35,3250.0,3256.75,3187.4,3215.0,3221.75,3230.06,4160906.0,1344000000000000.0,195067.0,2204487.0,0.5298
19-01-2021,TCS,,3233.0,3279.0,3232.0,3265.6,3260.7,3256.44,2975735.0,969031000000000.0,135064.0,1409143.0,0.4735
20-01-2021,TCS,,3270.0,3327.95,3267.1,3305.0,,3304.97,3453446.0,,169490.0,1498128.0,0.4338
21-01-2021,TCS,,3305.0,3309.15,3262.1,3274.05,3273.85,3281.88,2778546.0,911885000000000.0,134629.0,1222458.0,0.44
22-01-2021,TCS,3273.85,3241.9,3325.0,,3292.2,3303.1,3300.02,3052459.0,1007320000000000.0,120993.0,,0.465
25-01-2021,TCS,,3308.95,,3278.65,3298.0,3291.3,3314.24,2272887.0,753289000000000.0,122553.0,1208668.0,0.5318
27-01-2021,TCS,3291.3,3300.0,3306.45,3227.0,3263.0,,3265.48,2786662.0,909978000000000.0,175811.0,,0.5011
28-01-2021,TCS,3261.05,3230.0,3275.0,3183.8,3202.95,3196.55,,3083938.0,993407000000000.0,154535.0,1689185.0,0.5477
29-01-2021,TCS,3196.55,3210.05,3216.85,3100.0,3126.95,3111.35,3142.99,,1711560000000000.0,185207.0,3601765.0,0.6614
01-02-2021,TCS,3111.35,3100.0,3165.0,3044.1,3150.0,3139.35,3098.04,3985846.0,1234830000000000.0,280031.0,2125201.0,0.5332
02-02-2021,TCS,3139.35,3174.0,3224.0,3150.0,3195.0,3203.45,3197.36,2881837.0,921428000000000.0,114024.0,1461083.0,
03-02-2021,TCS,3203.45,3213.0,,3162.65,3200.0,3200.05,3209.5,2505866.0,804258000000000.0,116096.0,916858.0,0.3659
04-02-2021,TCS,,3216.05,,3176.0,3185.5,3188.45,3198.51,2057261.0,658016000000000.0,,994481.0,0.4834
05-02-2021,TCS,3188.45,3198.95,3205.85,3129.0,3160.5,3157.95,3154.91,2366135.0,746493000000000.0,,992928.0,
08-02-2021,TCS,3157.95,3189.5,3226.0,3155.15,3219.0,3214.1,,2526592.0,806255000000000.0,155790.0,,0.4595
09-02-2021,TCS,3214.1,3195.0,3245.8,3164.0,3176.0,,3212.7,2658751.0,854178000000000.0,171299.0,1305574.0,0.491
10-02-2021,TCS,3176.9,3185.0,3219.4,3157.3,,3213.3,3197.06,2127983.0,680329000000000.0,115813.0,713331.0,0.3352
11-02-2021,TCS,3213.3,3215.0,3219.3,3185.05,3204.5,3206.0,3201.77,1165882.0,373288000000000.0,53910.0,466871.0,0.4004
12-02-2021,TCS,3206.0,3184.2,3245.5,3182.0,3188.25,3190.8,3214.96,2777404.0,892925000000000.0,113414.0,872187.0,0.314
15-02-2021,TCS,,,,3131.55,3149.0,3139.85,3156.8,2630853.0,830507000000000.0,,1214830.0,0.4618
16-02-2021,TCS,3139.85,3150.0,3167.65,,3113.0,3108.8,3122.98,3435770.0,1072980000000000.0,171006.0,1651579.0,0.4807
17-02-2021,TCS,3108.8,3105.1,3132.85,3045.55,3073.45,3073.1,3076.93,3678426.0,1131830000000000.0,204277.0,1516981.0,0.4124
18-02-2021,TCS,3073.1,3065.0,3097.9,3031.0,3055.0,3057.35,3057.94,4189909.0,1281250000000000.0,176370.0,2042317.0,0.4874
19-02-2021,TCS,3057.35,3058.0,3087.15,3016.15,3078.0,3071.85,3047.73,3725028.0,1135290000000000.0,130797.0,1878814.0,
,TCS,3071.85,3096.0,3096.0,2943.15,,2958.45,2999.26,5366696.0,,266786.0,2809615.0,0.5235
23-02-2021,TCS,2958.45,2970.0,3028.0,2968.0,2985.1,2980.2,2996.35,3832829.0,1148450000000000.0,192941.0,1770672.0,0.462
,TCS,2980.2,,3003.35,2921.15,2946.85,2948.1,2946.07,3774549.0,1112010000000000.0,132336.0,2336704.0,0.6191
25-02-2021,TCS,2948.1,2974.0,3029.9,2968.45,2985.05,2995.3,3000.62,4224073.0,1267480000000000.0,223397.0,2152055.0,0.5095
26-02-2021,TCS,2995.3,2960.0,2972.35,2880.0,2903.85,2894.3,2916.68,5553153.0,,348532.0,2860279.0,0.5151
01-03-2021,TCS,2894.3,2926.0,2965.0,2901.8,2935.5,2924.2,2929.39,3265871.0,956701000000000.0,170820.0,1676148.0,0.5132
,TCS,2924.2,2960.0,3025.0,,3019.0,3006.35,2981.6,3306469.0,985856000000000.0,186577.0,1407212.0,0.4256
03-03-2021,TCS,3006.35,3035.0,3064.0,2996.9,3058.0,,3036.11,3509857.0,1065630000000000.0,183148.0,2032166.0,0.579
04-03-2021,TCS,3059.1,,3081.45,3016.05,3042.9,3049.7,3058.77,3916760.0,1198050000000000.0,174500.0,,0.5196
05-03-2021,TCS,3049.7,3016.1,3063.2,2996.6,3025.0,3008.05,3033.92,,971972000000000.0,127882.0,1390830.0,0.4341
08-03-2021,TCS,3008.05,3016.0,3033.0,2996.0,3008.7,3006.95,3016.64,2003125.0,604270000000000.0,113743.0,842670.0,0.4207
09-03-2021,TCS,,3006.95,3066.9,2992.1,3060.5,3050.95,3023.94,1942397.0,587370000000000.0,133488.0,1020339.0,0.5253
,TCS,,3075.0,,3060.0,3070.0,,3077.29,3053778.0,939736000000000.0,164340.0,1631893.0,0.5344
12-03-2021,TCS,3070.95,3075.0,,3041.35,3053.1,3057.95,3084.2,2938317.0,906234000000000.0,128801.0,1465667.0,0.4988
15-03-2021,TCS,3057.95,3041.0,3099.0,3041.0,3062.05,3066.15,3069.74,3097140.0,950741000000000.0,138642.0,1677136.0,0.5415
16-03-2021,TCS,,3060.0,3141.0,3060.0,3106.0,3110.05,3114.11,4894756.0,,190871.0,,0.4987
17-03-2021,TCS,3110.05,3105.0,3155.0,3085.3,3107.4,,,3838390.0,,183445.0,1776834.0,0.4629
18-03-2021,TCS,3112.95,3125.95,3146.45,2987.05,3042.0,3036.5,3083.67,3656306.0,1127480000000000.0,164183.0,1670043.0,0.4568
19-03-2021,TCS,3036.5,3030.0,,3005.0,3054.8,3050.2,3049.18,,1761400000000000.0,153489.0,3138698.0,0.5433
22-03-2021,TCS,3050.2,,,3018.65,3128.0,3129.65,,2821646.0,870768000000000.0,137406.0,1165276.0,0.413
23-03-2021,TCS,3129.65,3140.0,3169.0,3122.85,,,3148.33,3305973.0,1040830000000000.0,167131.0,1615396.0,0.4886
24-03-2021,TCS,3142.6,3111.2,3152.3,3111.15,3123.6,,3130.63,2207104.0,,110682.0,930779.0,0.4217
25-03-2021,TCS,3121.1,3112.2,3130.85,3050.0,3074.5,3064.85,3091.11,3179786.0,982906000000000.0,153808.0,1567362.0,0.4929
26-03-2021,TCS,3064.85,3090.65,3118.0,3043.05,3062.0,3066.8,3078.97,3697370.0,1138410000000000.0,201134.0,1512152.0,0.409
30-03-2021,TCS,3066.8,3083.0,3188.45,3060.9,3172.0,3158.55,3139.65,4694261.0,,191356.0,2277177.0,0.4851
31-03-2021,TCS,3158.55,3155.0,3205.0,3132.0,3175.3,3177.85,3177.88,,1121810000000000.0,156653.0,1236712.0,
01-04-2021,TCS,3177.85,3191.1,3215.0,3145.0,,3165.0,3178.41,4285076.0,1361970000000000.0,154796.0,2256615.0,0.5266
05-04-2021,TCS,3165.0,3171.0,3263.0,3151.0,3241.0,3238.9,3206.75,5317862.0,,229667.0,2518855.0,0.4737
06-04-2021,TCS,,3275.0,3275.0,3230.0,,3264.7,3254.36,2291562.0,745757000000000.0,109190.0,834510.0,0.3642
07-04-2021,TCS,3264.7,3259.0,3277.55,3234.8,3271.0,,3258.05,2491268.0,811667000000000.0,122792.0,1125695.0,0.4519
08-04-2021,TCS,3271.4,3270.0,,3266.05,3315.0,3317.35,3314.03,2578118.0,854396000000000.0,142722.0,987260.0,0.3829
09-04-2021,TCS,3317.35,3354.0,3354.35,3308.0,3325.0,3322.25,3327.38,2911129.0,968642000000000.0,114832.0,,0.3585
12-04-2021,TCS,3322.25,,3338.1,,3250.0,,3275.21,3791828.0,1241900000000000.0,202522.0,,0.3505
13-04-2021,TCS,3246.55,3214.0,,3073.05,3120.0,3104.05,3116.13,8654596.0,2696890000000000.0,436638.0,3104217.0,0.3587
15-04-2021,TCS,3104.05,,3237.25,3087.45,3227.0,3218.95,3168.14,6062760.0,1920770000000000.0,219212.0,3038656.0,0.5012
16-04-2021,TCS,,3229.0,3247.0,3182.6,3186.1,3195.15,,,1034830000000000.0,123918.0,1401641.0,0.4347
19-04-2021,TCS,,3169.0,3189.0,3135.1,3159.15,3161.8,3164.13,2679106.0,847703000000000.0,126444.0,1340909.0,0.5005
20-04-2021,TCS,,3225.0,3225.35,3126.35,3140.0,3144.55,3150.28,3141893.0,989784000000000.0,162928.0,1747537.0,0.5562
22-04-2021,TCS,3144.55,3148.0,3148.0,3105.25,3121.05,3118.8,3122.39,1988980.0,621038000000000.0,172941.0,1191717.0,0.5992
23-04-2021,TCS,3118.8,3105.0,3119.0,3091.05,3110.2,3109.5,3105.86,1615309.0,501693000000000.0,93127.0,772358.0,0.4781
26-04-2021,TCS,3109.5,3102.05,3153.0,3088.05,3100.05,3100.8,3122.35,2490260.0,777546000000000.0,,1345353.0,0.5402
27-04-2021,TCS,3100.8,3106.0,3136.1,3103.0,3132.75,3132.0,3122.18,1471417.0,459404000000000.0,97077.0,849767.0,0.5775
28-04-2021,TCS,3132.0,3149.95,3151.0,3112.0,,3124.1,3125.72,1639037.0,,76017.0,847762.0,0.5172
29-04-2021,TCS,3124.1,3145.6,,3105.5,3114.45,,3130.83,1621395.0,507631000000000.0,98275.0,837567.0,0.5166
30-04-2021,TCS,3115.25,3099.0,3132.05,3020.0,3040.0,3035.65,3063.19,3072305.0,941106000000000.0,157829.0,1942473.0,0.6323
